"Time","Predator"
0,3
0.1,3.09
0.2,3.1831944
0.3,3.27968788077674
0.4,3.37958682749496
0.5,3.48299914872278
0.6,3.59003406844476
0.7,3.70080188907778
0.8,3.8154137234724
0.9,3.93398119387992
1,4.05661609588752
1.1,4.18343002537289
1.2,4.31453396661165
1.3,4.45003783978857
1.4,4.59005000632301
1.5,4.73467673062327
1.6,4.88402159714007
1.7,5.03818488189898
1.8,5.19726287806108
1.9,5.36134717549321
2,5.53052389482751
2.1,5.70487287705764
2.2,5.88446683035576
2.3,6.06937043650274
2.4,6.25963942009965
2.5,6.45531958457117
2.6,6.65644581987294
2.7,6.86304108776956
2.8,7.07511539154601
2.9,7.29266473804051
3,7.51567010092487
3.1,7.74409639518977
3.2,7.97789147379609
3.3,8.2169851584035
3.4,8.46128831695713
3.5,8.71069200167275
3.6,8.96506666157909
3.7,9.22426144422101
3.8,9.48810360136689
3.9,9.75639801356734
4,10.0289268481514
4.1,10.305449364695
4.2,10.5857018811368
4.3,10.8693979125285
4.4,11.1562284928952
4.5,11.4458626888317
4.6,11.737948311303
4.7,12.0321128296594
4.8,12.3279644891562
4.9,12.6250936303339
5,12.9230742055096
5.1,13.2214654844255
5.2,13.5198139378678
5.3,13.8176552848726
5.4,14.1145166860766
5.5,14.4099190629051
5.6,14.7033795197247
5.7,14.9944138438704
5.8,15.2825390566769
5.9,15.5672759873442
6,15.8481518406942
6.1,16.1247027296607
6.2,16.3964761437073
6.3,16.6630333252865
6.4,16.9239515279122
6.5,17.1788261313827
6.6,17.4272725921122
6.7,17.6689282093343
6.8,17.9034536910588
6.9,18.1305345070166
7,18.3498820193175
7.1,18.5612343850962
7.2,18.7643572289398
7.3,18.9590440862979
7.4,19.1451166223
7.5,19.3224246333783
7.6,19.4908458417678
7.7,19.6502854952864
7.8,19.8006757867552
7.9,19.9419751089915
8,20.0741671624881
8.1,20.1972599336825
8.2,20.311284562148
8.3,20.4162941151131
8.4,20.5123622874819
8.5,20.5995820450103
8.6,20.6780642275355
8.7,20.7479361281995
8.8,20.8093400634885
8.9,20.8624319476716
9,20.9073798839033
9.1,20.9443627828841
9.2,20.9735690185896
9.3,20.9951951292073
9.4,21.0094445700814
9.5,21.0165265241866
9.6,21.0166547744391
9.7,21.0100466410291
9.8,20.9969219859215
9.9,20.9775022857345
10,20.9520097733691
10.1,20.9206666480214
10.2,20.8836943525727
10.3,20.841312916805
10.4,20.7937403644342
10.5,20.7411921815827
10.6,20.6838808440169
10.7,20.6220154002537
10.8,20.5558011074803
10.9,20.4854391171256
11,20.4111262068736
11.1,20.3330545558918
11.2,20.2514115600817
11.3,20.1663796842081
11.4,20.078136347854
11.5,19.9868538422452
11.6,19.8926992751117
11.7,19.7958345408826
11.8,19.6964163136539
11.9,19.5945960605097
12,19.490520072932
12.1,19.3843295141775
12.2,19.2761604806541
12.3,19.1661440754709
12.4,19.05440649248
12.5,18.9410691092639
12.6,18.8262485876553
12.7,18.7100569805004
12.8,18.5926018434936
12.9,18.473986351029
13,18.3543094151114
13.1,18.2336658064754
13.2,18.1121462771463
13.3,17.9898376837655
13.4,17.8668231110791
13.5,17.7431819950605
13.6,17.6189902452056
13.7,17.4943203655977
13.8,17.3692415743945
13.9,17.2438199214413
14,17.1181184037582
14.1,16.9921970786901
14.2,16.8661131745465
14.3,16.7399211985901
14.4,16.613673042262
14.5,16.4874180835604
14.6,16.3612032865099
14.7,16.2350732976819
14.8,16.1090705397422
14.9,15.9832353020207
15,15.8576058281106
15.1,15.7322184005146
15.2,15.6071074223719
15.3,15.482305496301
15.4,15.3578435004071
15.5,15.2337506615071
15.6,15.1100546256284
15.7,14.9867815258462
15.8,14.8639560475234
15.9,14.7416014910228
16,14.6197398319614
16.1,14.4983917790793
16.2,14.3775768297951
16.3,14.2573133235225
16.4,14.1376184928198
16.5,14.0185085124467
16.6,13.8999985463992
16.7,13.7821027929963
16.8,13.6648345280858
16.9,13.5482061464421
17,13.4322292014206
17.1,13.3169144429366
17.2,13.202271853833
17.3,13.0883106847002
17.4,12.975039487208
17.5,12.8624661460107
17.6,12.7505979092818
17.7,12.6394414179348
17.8,12.5290027335828
17.9,12.4192873652907
18,12.3103002951692
18.1,12.202046002859
18.2,12.0945284889522
18.3,11.9877512973965
18.4,11.8817175369239
18.5,11.7764299015468
18.6,11.6718906901613
18.7,11.5681018252956
18.8,11.4650648710404
18.9,11.362781050197
19,11.2612512606771
19.1,11.1604760911859
19.2,11.0604558362209
19.3,10.9611905104149
19.4,10.8626798622532
19.5,10.7649233871914
19.6,10.6679203401995
19.7,10.5716697477594
19.8,10.4761704193371
19.9,10.3814209583551
20,10.2874197726848
20.1,10.1941650846812
20.2,10.1016549407797
20.3,10.0098872206737
20.4,9.91885964609242
20.5,9.82856978919446
20.6,9.73901508059648
20.7,9.65019281705084
20.8,9.56210016878854
20.9,9.47473418654186
21,9.38809180826064
21.1,9.30216986553554
21.2,9.2169650897411
21.3,9.13247411791067
21.4,9.04869349835498
21.5,8.96561969603538
21.6,8.88324909770246
21.7,8.80157801681002
21.8,8.72060269821441
21.9,8.64031932266817
22,8.56072401111706
22.1,8.48181282880886
22.2,8.40358178922197
22.3,8.32602685782171
22.4,8.24914395565152
22.5,8.17292896276621
22.6,8.09737772151401
22.7,8.02248603967387
22.8,7.94824969345413
22.9,7.87466443035852
23,7.80172597192502
23.1,7.72943001634313
23.2,7.65777224095449
23.3,7.58674830464204
23.4,7.51635385011211
23.5,7.44658450607423
23.6,7.37743588932279
23.7,7.3089036067248
23.8,7.24098325711751
23.9,7.17367043311988
24,7.10696072286135
24.1,7.04084971163141
24.2,6.97533298345328
24.3,6.91040612258488
24.4,6.84606471495009
24.5,6.78230434950312
24.6,6.71912061952899
24.7,6.65650912388248
24.8,6.59446546816834
24.9,6.53298526586502
25,6.47206413939436
25.1,6.41169772113948
25.2,6.3518816544128
25.3,6.29261159437662
25.4,6.23388320891781
25.5,6.1756921794788
25.6,6.11803420184647
25.7,6.06090498690085
25.8,6.00430026132505
25.9,5.94821576827824
26,5.89264726803309
26.1,5.83759053857903
26.2,5.78304137619299
26.3,5.72899559597864
26.4,5.67544903237571
26.5,5.62239753964039
26.6,5.5698369922981
26.7,5.51776328556981
26.8,5.46617233577289
26.9,5.41506008069752
27,5.36442247995985
27.1,5.31425551533264
27.2,5.26455519105442
27.3,5.21531753411803
27.4,5.16653859453942
27.5,5.11821444560748
27.6,5.07034118411565
27.7,5.02291493057622
27.8,4.97593182941777
27.9,4.92938804916677
28,4.88327978261369
28.1,4.83760324696448
28.2,4.79235468397795
28.3,4.74753036008962
28.4,4.70312656652261
28.5,4.65913961938619
28.6,4.6155658597624
28.7,4.57240165378129
28.8,4.52964339268533
28.9,4.48728749288328
29,4.44533039599417
29.1,4.40376856888168
29.2,4.36259850367931
29.3,4.32181671780693
29.4,4.28141975397877
29.5,4.2414041802036
29.6,4.20176658977705
29.7,4.16250360126673
29.8,4.12361185849033
29.9,4.08508803048695
30,4.04692881148215
30.1,4.00913092084679
30.2,3.97169110305011
30.3,3.93460612760723
30.4,3.89787278902131
30.5,3.86148790672069
30.6,3.82544832499119
30.7,3.78975091290379
30.8,3.75439256423796
30.9,3.71937019740081
31,3.68468075534227
31.1,3.65032120546649
31.2,3.61628853953966
31.3,3.58257977359443
31.4,3.54919194783111
31.5,3.51612212651572
31.6,3.48336739787529
31.7,3.45092487399022
31.8,3.41879169068418
31.9,3.38696500741148
32,3.35544200714212
32.1,3.32421989624467
32.2,3.29329590436703
32.3,3.2626672843153
32.4,3.23233131193078
32.5,3.20228528596529
32.6,3.17252652795482
32.7,3.14305238209177
32.8,3.11386021509566
32.9,3.08494741608264
33,3.05631139643372
33.1,3.02794958966193
33.2,2.99985945127834
33.3,2.97203845865723
33.4,2.9444841109003
33.5,2.91719392870011
33.6,2.89016545420276
33.7,2.86339625086997
33.8,2.83688390334044
33.9,2.81062601729085
34,2.78462021929622
34.1,2.75886415668995
34.2,2.73335549742355
34.3,2.70809192992592
34.4,2.68307116296257
34.5,2.65829092549449
34.6,2.63374896653699
34.7,2.60944305501833
34.8,2.58537097963841
34.9,2.56153054872735
35,2.53791959010417
35.1,2.51453595093549
35.2,2.49137749759435
35.3,2.4684421155192
35.4,2.44572770907303
35.5,2.42323220140269
35.6,2.40095353429856
35.7,2.37888966805435
35.8,2.35703858132728
35.9,2.33539827099861
36,2.31396675203445
36.1,2.29274205734704
36.2,2.27172223765633
36.3,2.25090536135212
36.4,2.23028951435649
36.5,2.20987279998689
36.6,2.18965333881953
36.7,2.16962926855345
36.8,2.14979874387499
36.9,2.13015993632287
37,2.11071103415387
37.1,2.09145024220897
37.2,2.0723757817802
37.3,2.05348589047808
37.4,2.03477882209959
37.5,2.01625284649692
37.6,1.99790624944673
37.7,1.97973733252017
37.8,1.9617444129535
37.9,1.94392582351944
38,1.92627991239918
38.1,1.90880504305509
38.2,1.89149959410416
38.3,1.87436195919212
38.4,1.85739054686831
38.5,1.84058378046127
38.6,1.82394009795508
38.7,1.80745795186639
38.8,1.7911358091223
38.9,1.77497215093886
39,1.75896547270046
39.1,1.74311428383988
39.2,1.72741710771917
39.3,1.71187248151128
39.4,1.69647895608245
39.5,1.68123509587541
39.6,1.66613947879331
39.7,1.6511906960845
39.8,1.63638735222802
39.9,1.62172806481996
40,1.60721146446051
40.1,1.5928361946419
40.2,1.57860091163705
40.3,1.56450428438905
40.4,1.55054499440143
40.5,1.53672173562924
40.6,1.52303321437084
40.7,1.50947814916063
40.8,1.4960552706624
40.9,1.48276332156362
41,1.46960105647045
41.1,1.45656724180351
41.2,1.44366065569454
41.3,1.43088008788374
41.4,1.418224339618
41.5,1.4056922235498
41.6,1.39328256363701
41.7,1.38099419504341
41.8,1.36882596403999
41.9,1.35677672790705
42,1.34484535483707
42.1,1.33303072383838
42.2,1.32133172463953
42.3,1.30974725759454
42.4,1.29827623358879
42.5,1.28691757394582
42.6,1.27567021033477
42.7,1.26453308467863
42.8,1.25350514906327
42.9,1.2425853656472
43,1.23177270657207
43.1,1.22106615387395
43.2,1.21046469939533
43.3,1.19996734469788
43.4,1.18957310097596
43.5,1.17928098897082
43.6,1.16909003888562
43.7,1.15899929030106
43.8,1.14900779209185
43.9,1.13911460234388
44,1.12931878827202
44.1,1.11961942613877
44.2,1.11001560117355
44.3,1.10050640749267
44.4,1.09109094802013
44.5,1.08176833440896
44.6,1.07253768696341
44.7,1.06339813456171
44.8,1.05434881457964
44.9,1.0453888728147
45,1.03651746341102
45.1,1.0277337487849
45.2,1.01903689955109
45.3,1.01042609444972
45.4,1.00190052027386
45.5,0.993459371797823
45.6,0.985101851706096
45.7,0.976827170522903
45.8,0.96863454654248
45.9,0.96052320575997
46,0.952492381802976
46.1,0.944541315863768
46.2,0.936669256632123
46.3,0.928875460228811
46.4,0.921159190139717
46.5,0.913519717150598
46.6,0.905956319282462
46.7,0.898468281727585
46.8,0.891054896786137
46.9,0.883715463803444
47,0.876449289107849
47.1,0.8692556859492
47.2,0.862133974437937
47.3,0.855083481484795
47.4,0.8481035407411
47.5,0.841193492539675
47.6,0.834352683836335
47.7,0.827580468151978
47.8,0.820876205515269
47.9,0.814239262405908
48,0.807669011698488
48.1,0.801164832606924
48.2,0.794726110629473
48.3,0.788352237494321
48.4,0.782042611105748
48.5,0.775796635490859
48.6,0.769613720746886
48.7,0.763493282989052
48.8,0.757434744298998
48.9,0.751437532673768
49,0.745501081975358
49.1,0.739624831880804
49.2,0.73380822783284
49.3,0.728050720991092
49.4,0.722351768183826
49.5,0.716710831860237
49.6,0.711127380043286
49.7,0.70560088628307
49.8,0.700130829610735
49.9,0.69471669449293
50,0.689357970786782
50.1,0.684054153695418
50.2,0.678804743724008
50.3,0.673609246636343
50.4,0.668467173411933
50.5,0.663378040203641
50.6,0.658341368295829
50.7,0.653356684063038
50.8,0.648423518929178
50.9,0.64354140932725
51,0.638709896659575
51.1,0.633928527258546
51.2,0.629196852347902
51.3,0.624514428004501
51.4,0.619880815120629
51.5,0.615295579366803
51.6,0.6107582911551
51.7,0.606268525602992
51.8,0.601825862497695
51.9,0.59742988626103
52,0.593080185914793
52.1,0.588776355046637
52.2,0.584517991776464
52.3,0.580304698723332
52.4,0.576136082972862
52.5,0.57201175604517
52.6,0.5679313338633
52.7,0.563894436722173
52.8,0.559900689258046
52.9,0.555949720418489
53,0.552041163432868
53.1,0.548174655783348
53.2,0.544349839176416
53.3,0.540566359514908
53.4,0.536823866870567
53.5,0.533122015457116
53.6,0.529460463603851
53.7,0.525838873729762
53.8,0.522256912318173
53.9,0.518714249891914
54,0.515210560989022
54.1,0.511745524138973
54.2,0.508318821839448
54.3,0.504930140533639
54.4,0.501579170588094
54.5,0.498265606271104
54.6,0.494989145731641
54.7,0.49174949097884
54.8,0.488546347862043
54.9,0.485379426051394
55,0.482248439019003
55.1,0.479153104020668
55.2,0.476093142078178
55.3,0.473068277962186
55.4,0.470078240175662
55.5,0.467122760937938
55.6,0.464201576169341
55.7,0.461314425476422
55.8,0.458461052137796
55.9,0.455641203090587
56,0.452854628917486
56.1,0.450101083834443
56.2,0.447380325678984
56.3,0.444692115899164
56.4,0.442036219543172
56.5,0.439412405249588
56.6,0.436820445238306
56.7,0.434260115302122
56.8,0.431731194799011
56.9,0.42923346664509
57,0.426766717308289
57.1,0.424330736802719
57.2,0.42192531868378
57.3,0.419550260043988
57.4,0.417205361509552
57.5,0.414890427237713
57.6,0.412605264914843
57.7,0.410349685755333
57.8,0.408123504501278
57.9,0.405926539422963
58,0.403758612320189
58.1,0.401619548524421
58.2,0.399509176901808
58.3,0.397427329857062
58.4,0.395373843338232
58.5,0.393348556842382
58.6,0.391351313422196
58.7,0.389381959693519
58.8,0.387440345843864
58.9,0.385526325641907
59,0.383639756447973
59.1,0.381780499225558
59.2,0.379948418553891
59.3,0.378143382641569
59.4,0.376365263341287
59.5,0.374613936165689
59.6,0.372889280304356
59.7,0.371191178641977
59.8,0.369519517777712
59.9,0.367874188045786
60,0.366255083537339
60.1,0.364662102123571
60.2,0.363095145480195
60.3,0.361554119113261
60.4,0.36003893238635
60.5,0.358549498549209
60.6,0.357085734767828
60.7,0.355647562156034
60.8,0.354234905808604
60.9,0.352847694835973
61,0.351485862400553
61.1,0.350149345754718
61.2,0.348838086280502
61.3,0.347552029531051
61.4,0.346291125273886
61.5,0.345055327536015
61.6,0.34384459465096
61.7,0.342658889307746
61.8,0.341498178601907
61.9,0.340362434088573
62,0.339251631837692
62.1,0.338165752491456
62.2,0.337104781323994
62.3,0.336068708303389
62.4,0.335057528156112
62.5,0.334071240433921
62.6,0.333109849583314
62.7,0.332173365017611
62.8,0.331261801191743
62.9,0.330375177679836
63,0.329513519255675
63.1,0.328676855976135
63.2,0.327865223267677
63.3,0.327078662016004
63.4,0.326317218658981
63.5,0.325580945282911
63.6,0.324869899722298
63.7,0.324184145663183
63.8,0.323523752750191
63.9,0.3228887966974
64,0.322279359403159
64.1,0.321695529068982
64.2,0.32113740032267
64.3,0.320605074345772
64.4,0.320098659005566
64.5,0.319618268991684
64.6,0.319164025957549
64.7,0.318736058666798
64.8,0.318334503144836
64.9,0.31795950283573
65,0.317611208764594
65.1,0.317289779705687
65.2,0.316995382356392
65.3,0.316728191517311
65.4,0.316488390278671
65.5,0.316276170213268
65.6,0.316091731576188
65.7,0.31593528351154
65.8,0.315807044266448
65.9,0.315707241412573
66,0.31563611207543
66.1,0.31559390317178
66.2,0.315580871655397
66.3,0.315597284771507
66.4,0.315643420320232
66.5,0.315719566929345
66.6,0.315826024336711
66.7,0.315963103682744
66.8,0.316131127813275
66.9,0.316330431593204
67,0.316561362231352
67.1,0.316824279616932
67.2,0.317119556668064
67.3,0.31744757969282
67.4,0.317808748763246
67.5,0.318203478102877
67.6,0.318632196488251
67.7,0.31909534766497
67.8,0.319593390778863
67.9,0.320126800822837
68,0.320696069100036
68.1,0.321301703703932
68.2,0.321944230016016
68.3,0.322624191221789
68.4,0.323342148845766
68.5,0.324098683306244
68.6,0.324894394490636
68.7,0.325729902352172
68.8,0.32660584752883
68.9,0.327522891985393
69,0.328481719679562
69.1,0.329483037253093
69.2,0.330527574748978
69.3,0.331616086355726
69.4,0.33274935117986
69.5,0.33392817404777
69.6,0.335153386338146
69.7,0.336425846846235
69.8,0.337746442681253
69.9,0.339116090198322
70,0.340535735966363
70.1,0.342006357773461
70.2,0.343528965671252
70.3,0.345104603059998
70.4,0.346734347816033
70.5,0.348419313463399
70.6,0.350160650391532
70.7,0.351959547120957
70.8,0.353817231619042
70.9,0.355734972667956
71,0.357714081287062
71.1,0.359755912212093
71.2,0.361861865433559
71.3,0.364033387796951
71.4,0.366271974667417
71.5,0.368579171661718
71.6,0.370956576450398
71.7,0.37340584063324
71.8,0.375928671691218
71.9,0.378526835018311
72,0.381202156036696
72.1,0.383956522399002
72.2,0.386791886281485
72.3,0.389710266772153
72.4,0.392713752358071
72.5,0.395804503516266
72.6,0.398984755412857
72.7,0.402256820715261
72.8,0.405623092522557
72.9,0.409086047419295
73,0.412648248658345
73.1,0.416312349478581
73.2,0.420081096563514
73.3,0.42395733364725
73.4,0.42794400527446
73.5,0.432044160721356
73.6,0.436260958085005
73.7,0.440597668548639
73.8,0.445057680831009
73.9,0.449644505828171
74,0.454361781456512
74.1,0.459213277706224
74.2,0.464202901914865
74.3,0.469334704271091
74.4,0.474612883559126
74.5,0.480041793154997
74.6,0.485625947286111
74.7,0.491370027566237
74.8,0.497278889818556
74.9,0.503357571199978
75,0.509611297640561
75.1,0.516045491612469
75.2,0.522665780243565
75.3,0.529478003791413
75.4,0.536488224494157
75.5,0.543702735815489
75.6,0.551128072101635
75.7,0.55877101866913
75.8,0.566638622342887
75.9,0.574738202464962
76,0.583077362395233
76.1,0.59166400152612
76.2,0.600506327834372
76.3,0.609612870993883
76.4,0.618992496074456
76.5,0.628654417852414
76.6,0.638608215759935
76.7,0.648863849501036
76.8,0.659431675363112
76.9,0.670322463254008
77,0.681547414495624
77.1,0.693118180406093
77.2,0.70504688170363
77.3,0.717346128766146
77.4,0.730029042781752
77.5,0.743109277826238
77.6,0.756601043904586
77.7,0.770519130994413
77.8,0.784878934130136
77.9,0.799696479567368
78,0.814988452067717
78.1,0.830772223344735
78.2,0.847065881712173
78.3,0.863888262975965
78.4,0.881258982611449
78.5,0.899198469267228
78.6,0.917727999636692
78.7,0.936869734737579
78.8,0.95664675763902
78.9,0.977083112674162
79,0.998203846174744
79.1,1.02003504876181
79.2,1.04260389922403
79.3,1.06593871001166
79.4,1.09006897437055
79.5,1.11502541513532
79.6,1.14084003519584
79.7,1.16754616964433
79.8,1.19517853960298
79.9,1.22377330772333
80,1.25336813533881
80.1,1.28400224124039
80.2,1.31571646203258
80.3,1.34855331401231
80.4,1.38255705649699
80.5,1.41777375650943
80.6,1.45425135470678
80.7,1.49203973241736
80.8,1.5311907796237
80.9,1.57175846370139
81,1.61379889869164
81.1,1.6573704148504
81.2,1.70253362817849
81.3,1.74935150959426
81.4,1.79788945336431
81.5,1.84821534435649
81.6,1.90039962362401
81.7,1.95451535176935
81.8,2.01063826947084
81.9,2.06884685448464
82,2.12922237435818
82.1,2.19184893401001
82.2,2.25681351724317
82.3,2.32420602116678
82.4,2.39411928240148
82.5,2.4666490938408
82.6,2.54189421063143
82.7,2.61995634392139
82.8,2.70094014080744
82.9,2.78495314879199
83,2.87210576293578
83.1,2.96251115376866
83.2,3.05628517389575
83.3,3.15354624111499
83.4,3.2544151957439
83.5,3.35901512974281
83.6,3.46747118512099
83.7,3.57991031902412
83.8,3.69646103283101
83.9,3.81725306253808
84,3.94241702768641
84.1,4.07208403609466
84.2,4.20638524170553
84.3,4.34545135294228
84.4,4.48941208910903
84.5,4.63839558256363
84.6,4.79252772464944
84.7,4.95193145370139
84.8,5.11672598384784
84.9,5.28702597382057
85,5.46294063556628
85.1,5.64457278312982
85.2,5.83201782305592
85.3,6.02536268843474
85.4,6.22468471969829
85.5,6.43005049635703
85.6,6.64151462504472
85.7,6.85911849050626
85.8,7.08288897750719
85.9,7.31283717304749
86,7.54895705970791
86.1,7.79122421241808
86.2,8.03959451238321
86.3,8.29400289330663
86.4,8.55436213635924
86.5,8.82056173153247
86.6,9.09246682402277
86.7,9.36991726508521
86.8,9.65272678731274
86.9,9.94068232449811
87,10.233543496072
87.1,10.5310422755415
87.2,10.8328828613452
87.3,11.1387417670654
87.4,11.4482681459841
87.5,11.7610843625302
87.6,12.0767868202591
87.7,12.3949470526555
87.8,12.715113079305
87.9,13.0368110259024
88,13.3595470022292
88.1,13.6828092277378
88.2,14.0060703898281
88.3,14.3287902154122
88.4,14.6504182320519
88.5,14.9703966909507
88.6,15.2881636205023
88.7,15.603155976058
88.8,15.9148128491685
88.9,16.2225786978755
89,16.5259065587235
89.1,16.8242612010806
89.2,17.1171221851055
89.3,17.4039867862623
89.4,17.6843727516257
89.5,17.9578208562666
89.6,18.2238972316804
89.7,18.4821954424043
89.8,18.7323382915481
89.9,18.9739793408085
90,19.2068041355118
90.1,19.4305311302056
90.2,19.6449123151677
90.3,19.8497335488124
90.4,20.0448146052355
90.5,20.2300089499831
90.6,20.4052032604728
90.7,20.5703167103072
90.8,20.7253000389615
90.9,20.8701344299979
91,21.0048302220685
91.1,21.129425477532
91.2,21.2439844335803
91.3,21.3485958603781
91.4,21.4433713499304
91.5,21.5284435582635
91.6,21.6039644220947
91.7,21.670103369538
91.8,21.7270455426089
91.9,21.7749900474019
92,21.8141482458764
92.1,21.8447421012431
92.2,21.8670025870315
92.3,21.8811681680783
92.4,21.8874833599288
92.5,21.8861973715109
92.6,21.8775628344363
92.7,21.8618346209254
92.8,21.8392687511325
92.9,21.8101213895767
93,21.7746479294585
93.1,21.7331021628557
93.2,21.6857355341348
93.3,21.6327964733841
93.4,21.5745298062597
93.5,21.511176236317
93.6,21.4429718956838
93.7,21.3701479597915
93.8,21.2929303218112
93.9,21.2115393224404
94,21.126189530729
94.1,21.0370895717257
94.2,20.9444419968496
94.3,20.848443193047
94.4,20.7492833269665
94.5,20.6471463205762
94.6,20.5422098548497
94.7,20.4346453983517
94.8,20.3246182577683
94.9,20.212287647633
95,20.0978067767083
95.1,19.9813229486839
95.2,19.8629776750478
95.3,19.7429067981732
95.4,19.6212406228423
95.5,19.4981040545978
95.6,19.3736167434715
95.7,19.2478932317871
95.8,19.1210431048752
95.9,18.9931711436658
96,18.864377478243
96.1,18.7347577415574
96.2,18.6044032225895
96.3,18.4734010183533
96.4,18.3418341842097
96.5,18.2097818820359
96.6,18.0773195258677
96.7,17.9445189246917
96.8,17.8114484221192
96.9,17.6781730327275
97,17.544754574893
97.1,17.4112517999852
97.2,17.2777205178234
97.3,17.1442137183276
97.4,17.010781689325
97.5,16.8774721304955
97.6,16.7443302634596
97.7,16.6113989380316
97.8,16.4787187346753
97.9,16.3463280632123
98,16.2142632578435
98.1,16.0825586685562
98.2,15.9512467489925
98.3,15.820358140865
98.4,15.6899217550073
98.5,15.5599648491532
98.6,15.4305131025399
98.7,15.3015906874313
98.8,15.1732203376623
98.9,15.0454234143002
99,14.9182199685255
99.1,14.7916288018266
99.2,14.6656675236101
99.3,14.5403526063185
99.4,14.4156994381534
99.5,14.2917223734944
99.6,14.1684347811057
99.7,14.045849090218
99.8,13.9239768345717
99.9,13.8028286945057
100,13.682414537172
100.1,13.5627434549554
100.2,13.4438238021734
100.3,13.3256632301308
100.4,13.2082687205982
100.5,13.0916466177846
100.6,12.9758026588676
100.7,12.8607420031468
100.8,12.7464692598786
100.9,12.6329885148524
101,12.5203033557645
101.1,12.4084168964414
101.2,12.2973317999661
101.3,12.1870503007558
101.4,12.0775742256378
101.5,11.9689050139703
101.6,11.8610437368489
101.7,11.7539911154436
101.8,11.647747538502
101.9,11.5423130790601
102,11.4376875103942
102.1,11.3338703212496
102.2,11.2308607303793
102.3,11.1286577004234
102.4,11.02725995116
102.5,10.9266659721551
102.6,10.8268740348411
102.7,10.7278822040472
102.8,10.6296883490094
102.9,10.532290153881
103,10.4356851277696
103.1,10.3398706143191
103.2,10.2448438008593
103.3,10.1506017271421
103.4,10.057141293683
103.5,9.96445926972634
103.6,9.87255230085066
103.7,9.78141691623067
103.8,9.69104953557167
103.9,9.60144647573093
104,9.51260395704011
104.1,9.42451810934236
104.2,9.33718497775675
104.3,9.25060052818241
104.4,9.16476065255397
104.5,9.07966117385943
104.6,8.99529785093111
104.7,8.91166638301982
104.8,8.82876241416175
104.9,8.74658153734757
105,8.66511929850225
105.1,8.58437120028413
105.2,8.50433270571123
105.3,8.42499924162234
105.4,8.34636620198031
105.5,8.26842895102437
105.6,8.19118282627814
105.7,8.11462314141968
105.8,8.03874518901961
105.9,7.9635442431531
106,7.8890155618911
106.1,7.81515438967629
106.2,7.74195595958855
106.3,7.66941549550483
106.4,7.59752821415812
106.5,7.52628932709961
106.6,7.45569404256847
106.7,7.38573756727316
106.8,7.31641510808801
106.9,7.24772187366883
107,7.1796530759909
107.1,7.11220393181279
107.2,7.04536966406915
107.3,6.97914550319542
107.4,6.91352668838749
107.5,6.84850846879908
107.6,6.78408610467931
107.7,6.72025486845332
107.8,6.65701004574808
107.9,6.59434693636582
108,6.53226085520741
108.1,6.47074713314757
108.2,6.40980111786426
108.3,6.34941817462386
108.4,6.28959368702431
108.5,6.23032305769776
108.6,6.1716017089746
108.7,6.1134250835104
108.8,6.05578864487738
108.9,5.9986878781219
109,5.94211829028935
109.1,5.88607541091795
109.2,5.83055479250261
109.3,5.77555201093021
109.4,5.72106266588752
109.5,5.66708238124285
109.6,5.6136068054026
109.7,5.56063161164371
109.8,5.50815249842313
109.9,5.45616518966517
110,5.40466543502772
110.1,5.35364901014828
110.2,5.30311171687059
110.3,5.25304938345268
110.4,5.20345786475724
110.5,5.15433304242489
110.6,5.1056708250313
110.7,5.05746714822862
110.8,5.00971797487207
110.9,4.96241929513225
111,4.91556712659385
111.1,4.86915751434119
111.2,4.82318653103139
111.3,4.77765027695554
111.4,4.73254488008848
111.5,4.68786649612758
111.6,4.64361130852119
111.7,4.59977552848705
111.8,4.55635539502116
111.9,4.51334717489756
112,4.47074716265939
112.1,4.4285516806017
112.2,4.38675707874623
112.3,4.34535973480871
112.4,4.30435605415888
112.5,4.26374246977363
112.6,4.22351544218362
112.7,4.18367145941354
112.8,4.14420703691648
112.9,4.10511871750261
113,4.06640307126243
113.1,4.02805669548484
113.2,3.99007621457037
113.3,3.95245827993973
113.4,3.91519956993793
113.5,3.87829678973415
113.6,3.84174667121777
113.7,3.8055459728904
113.8,3.76969147975453
113.9,3.73418000319863
114,3.69900838087916
114.1,3.66417347659942
114.2,3.62967218018562
114.3,3.59550140736021
114.4,3.56165809961265
114.5,3.52813922406777
114.6,3.4949417733519
114.7,3.46206276545681
114.8,3.42949924360176
114.9,3.39724827609355
115,3.36530695618497
115.1,3.33367240193149
115.2,3.30234175604655
115.3,3.27131218575532
115.4,3.24058088264733
115.5,3.21014506252767
115.6,3.1800019652673
115.7,3.1501488546522
115.8,3.12058301823164
115.9,3.09130176716561
116,3.06230243607149
116.1,3.03358238287002
116.2,3.00513898863063
116.3,2.97696965741632
116.4,2.94907181612797
116.5,2.92144291434831
116.6,2.89408042418553
116.7,2.86698184011659
116.8,2.84014467883034
116.9,2.81356647907045
117,2.78724480147826
117.1,2.76117722843548
117.2,2.73536136390702
117.3,2.70979483328369
117.4,2.68447528322514
117.5,2.65940038150277
117.6,2.63456781684294
117.7,2.60997529877026
117.8,2.58562055745122
117.9,2.56150134353804
118,2.53761542801283
118.1,2.51396060203213
118.2,2.49053467677178
118.3,2.46733548327225
118.4,2.44436087228433
118.5,2.42160871411535
118.6,2.39907689847585
118.7,2.3767633343268
118.8,2.35466594972726
118.9,2.33278269168273
119,2.311111525994
119.1,2.28965043710661
119.2,2.26839742796092
119.3,2.24735051984286
119.4,2.22650775223531
119.5,2.20586718267014
119.6,2.18542688658097
119.7,2.16518495715657
119.8,2.14513950519509
119.9,2.1252886589589
120,2.10563056403026
120.1,2.08616338316768
120.2,2.0668852961631
120.3,2.04779449969984
120.4,2.02888920721128
120.5,2.01016764874043
120.6,1.99162807080021
120.7,1.9732687362346
120.8,1.95508792408063
120.9,1.93708392943112
121,1.91925506329833
121.1,1.90159965247839
121.2,1.88411603941666
121.3,1.86680258207382
121.4,1.84965765379293
121.5,1.8326796431673
121.6,1.8158669539092
121.7,1.79921800471948
121.8,1.78273122915807
121.9,1.76640507551526
122,1.750238006684
122.1,1.73422850003295
122.2,1.71837504728048
122.3,1.70267615436951
122.4,1.6871303413433
122.5,1.67173614222201
122.6,1.65649210488027
122.7,1.64139679092554
122.8,1.62644877557737
122.9,1.6116466475476
123,1.5969890089214
123.1,1.58247447503915
123.2,1.56810167437929
123.3,1.55386924844202
123.4,1.53977585163381
123.5,1.5258201511529
123.6,1.51200082687563
123.7,1.49831657124357
123.8,1.48476608915167
123.9,1.47134809783716
124,1.45806132676936
124.1,1.44490451754039
124.2,1.43187642375668
124.3,1.41897581093137
124.4,1.40620145637762
124.5,1.39355214910266
124.6,1.38102668970282
124.7,1.36862389025931
124.8,1.35634257423492
124.9,1.3441815763715
125,1.33213974258834
125.1,1.32021592988133
125.2,1.30840900622301
125.3,1.29671785046338
125.4,1.28514135223165
125.5,1.27367841183864
125.6,1.26232794018017
125.7,1.25108885864119
125.8,1.23996009900066
125.9,1.22894060333738
126,1.21802932393648
126.1,1.20722522319681
126.2,1.19652727353906
126.3,1.1859344573147
126.4,1.17544576671572
126.5,1.16506020368511
126.6,1.15477677982815
126.7,1.14459451632447
126.8,1.13451244384087
126.9,1.12452960244492
127,1.11464504151927
127.1,1.1048578196768
127.2,1.09516700467648
127.3,1.08557167333993
127.4,1.0760709114688
127.5,1.06666381376285
127.6,1.05734948373879
127.7,1.04812703364978
127.8,1.03899558440576
127.9,1.02995426549443
128,1.02100221490292
128.1,1.0121385790403
128.2,1.00336251266063
128.3,0.994673178786844
128.4,0.986069748635267
128.5,0.97755140154085
128.6,0.969117324883086
128.7,0.960766714012617
128.8,0.952498772178517
128.9,0.944312710456255
129,0.936207747676332
129.1,0.928183110353583
129.2,0.920238032617144
129.3,0.912371756141078
129.4,0.904583530075659
129.5,0.896872610979304
129.6,0.88923826275115
129.7,0.881679756564284
129.8,0.874196370799595
129.9,0.866787390980274
130,0.85945210970694
130.1,0.852189826593389
130.2,0.844999848202967
130.3,0.837881487985565
130.4,0.830834066215218
130.5,0.823856909928327
130.6,0.816949352862475
130.7,0.810110735395852
130.8,0.803340404487274
130.9,0.796637713616804
131,0.790002022726952
131.1,0.783432698164471
131.2,0.776929112622732
131.3,0.77049064508468
131.4,0.764116680766363
131.5,0.757806611061036
131.6,0.751559833483829
131.7,0.74537575161699
131.8,0.739253775055674
131.9,0.733193319354303
132,0.727193805973475
132.1,0.721254662227424
132.2,0.715375321232028
132.3,0.709555221853365
132.4,0.703793808656801
132.5,0.698090531856632
132.6,0.692444847266242
132.7,0.686856216248808
132.8,0.681324105668525
132.9,0.675847987842362
133,0.670427340492337
133.1,0.665061646698316
133.2,0.659750394851323
133.3,0.654493078607373
133.4,0.649289196841809
133.5,0.64413825360415
133.6,0.639039758073451
133.7,0.633993224514157
133.8,0.628998172232468
133.9,0.624054125533193
134,0.619160613677113
134.1,0.614317170838824
134.2,0.609523336065085
134.3,0.604778653233646
134.4,0.600082671012571
134.5,0.595434942820039
134.6,0.590835026784636
134.7,0.586282485706125
134.8,0.581776887016694
134.9,0.577317802742687
135,0.572904809466808
135.1,0.568537488290798
135.2,0.56421542479859
135.3,0.559938209019932
135.4,0.555705435394481
135.5,0.551516702736366
135.6,0.547371614199217
135.7,0.543269777241666
135.8,0.539210803593306
135.9,0.535194309221116
136,0.531219914296356
136.1,0.527287243161916
136.2,0.523395924300129
136.3,0.519545590301051
136.4,0.515735877831191
136.5,0.511966427602712
136.6,0.508236884343084
136.7,0.504546896765199
136.8,0.500896117537947
136.9,0.497284203257246
137,0.493710814417539
137.1,0.490175615383743
137.2,0.48667827436366
137.3,0.48321846338085
137.4,0.479795858247963
137.5,0.47641013854053
137.6,0.473060987571219
137.7,0.469748092364551
137.8,0.46647114363208
137.9,0.46322983574804
138,0.460023866725453
138.1,0.45685293819271
138.2,0.453716755370615
138.3,0.450615027049901
138.4,0.447547465569223
138.5,0.444513786793617
138.6,0.441513710093439
138.7,0.438546958323783
138.8,0.43561325780438
138.9,0.432712338299977
139,0.429843933001203
139.1,0.427007778505927
139.2,0.424203614801107
139.3,0.421431185245128
139.4,0.418690236550647
139.5,0.415980518767937
139.6,0.413301785268737
139.7,0.41065379273061
139.8,0.40803630112182
139.9,0.405449073686727
140,0.402891876931701
140.1,0.400364480611569
140.2,0.397866657716596
140.3,0.395398184460004
140.4,0.392958840266034
140.5,0.39054840775856
140.6,0.388166672750265
140.7,0.385813424232369
140.8,0.38348845436494
140.9,0.38119155846777
141,0.378922535011846
141.1,0.376681185611408
141.2,0.374467315016603
141.3,0.372280731106757
141.4,0.370121244884256
141.5,0.367988670469054
141.6,0.365882825093821
141.7,0.363803529099728
141.8,0.361750605932896
141.9,0.3597238821415
142,0.35772318737356
142.1,0.355748354375409
142.2,0.353799218990871
142.3,0.351875620161138
142.4,0.349977399925383
142.5,0.348104403422104
142.6,0.346256478891214
142.7,0.34443347767691
142.8,0.342635254231304
142.9,0.340861666118862
143,0.339112574021647
143.1,0.33738784174539
143.2,0.335687336226405
143.3,0.334010927539363
143.4,0.332358488905948
143.5,0.330729896704411
143.6,0.329125030480039
143.7,0.327543772956565
143.8,0.325986010048533
143.9,0.324451630874649
144,0.322940527772132
144.1,0.321452596312092
144.2,0.319987735315955
144.3,0.318545846872974
144.4,0.317126836358833
144.5,0.31573061245538
144.6,0.314357087171523
144.7,0.313006175865306
144.8,0.311677797267204
144.9,0.310371873504662
145,0.309088330127917
145.1,0.307827096137127
145.2,0.306588104010852
145.3,0.305371289735913
145.4,0.304176592838678
145.5,0.303003956417798
145.6,0.301853327178447
145.7,0.300724655468098
145.8,0.299617895313887
145.9,0.298533004461595
146,0.297469944416315
146.1,0.296428680484828
146.2,0.295409181819756
146.3,0.294411421465533
146.4,0.293435376406257
146.5,0.292481027615464
146.6,0.291548360107891
146.7,0.290637362993293
146.8,0.289748029532357
146.9,0.288880357194793
147,0.288034347719665
147.1,0.287210007178027
147.2,0.286407346037932
147.3,0.285626379231902
147.4,0.284867126226917
147.5,0.28412961109702
147.6,0.283413862598607
147.7,0.282719914248496
147.8,0.28204780440486
147.9,0.281397576351115
148,0.280769278382869
148.1,0.280162963898017
148.2,0.279578691490089
148.3,0.279016525044973
148.4,0.278476533841102
148.5,0.277958792653233
148.6,0.277463381859945
148.7,0.276990387554955
148.8,0.276539901662422
148.9,0.276112022056328
149,0.275706852684112
149.1,0.275324503694687
149.2,0.274965091570992
149.3,0.274628739267233
149.4,0.274315576350989
149.5,0.274025739150338
149.6,0.273759370906187
149.7,0.273516621929994
149.8,0.273297649767055
149.9,0.273102619365584
150,0.272931703251759
150.1,0.272785081710979
150.2,0.27266294297553
150.3,0.272565483418915
150.4,0.272492907757072
150.5,0.272445429256745
150.6,0.27242326995126
150.7,0.272426660863988
150.8,0.272455842239775
150.9,0.272511063784627
151,0.272592584913979
151.1,0.272700675009849
151.2,0.272835613687214
151.3,0.272997691069971
151.4,0.273187208076831
151.5,0.273404476717525
151.6,0.273649820399726
151.7,0.27392357424709
151.8,0.274226085428842
151.9,0.274557713501364
152,0.274918830762237
152.1,0.275309822617231
152.2,0.275731087960746
152.3,0.276183039570237
152.4,0.276666104515161
152.5,0.277180724581032
152.6,0.277727356709186
152.7,0.278306473452863
152.8,0.278918563450279
152.9,0.27956413191536
153,0.280243701146849
153.1,0.280957811056525
153.2,0.281707019717328
153.3,0.282491903932166
153.4,0.283313059824286
153.5,0.284171103450062
153.6,0.285066671435149
153.7,0.286000421634941
153.8,0.286973033820363
153.9,0.287985210390031
154,0.289037677109901
154.1,0.290131183881532
154.2,0.291266505540186
154.3,0.292444442684016
154.4,0.29366582253565
154.5,0.294931499837552
154.6,0.296242357782602
154.7,0.297599308981386
154.8,0.299003296467783
154.9,0.300455294744484
155,0.30195631087018
155.1,0.303507385590206
155.2,0.305109594512536
155.3,0.306764049331104
155.4,0.308471899098523
155.5,0.310234331550352
155.6,0.312052574483197
155.7,0.313927897189006
155.8,0.315861611948052
155.9,0.3178550755832
156,0.319909691078196
156.1,0.322026909262827
156.2,0.324208230567954
156.3,0.326455206853544
156.4,0.328769443313002
156.5,0.331152600457238
156.6,0.33360639618209
156.7,0.336132607922871
156.8,0.338733074900033
156.9,0.341409700460085
157,0.34416445451614
157.1,0.346999376092656
157.2,0.349916575979171
157.3,0.352918239498062
157.4,0.356006629391589
157.5,0.359184088833771
157.6,0.362453044572881
157.7,0.36581601021065
157.8,0.369275589624563
157.9,0.372834480539927
158,0.376495478258753
158.1,0.380261479552802
158.2,0.384135486728519
158.3,0.38812061187198
158.4,0.392220081282327
158.5,0.396437240102635
158.6,0.400775557157545
158.7,0.405238630007501
158.8,0.409830190229867
158.9,0.414554108937733
159,0.419414402547734
159.1,0.424415238808765
159.2,0.429560943104048
159.3,0.434856005039612
159.4,0.440305085332899
159.5,0.445913023015845
159.6,0.451684842967501
159.7,0.457625763791979
159.8,0.463741206058256
159.9,0.470036800919173
160,0.476518399127798
160.1,0.483192080470148
160.2,0.490064163634212
160.3,0.497141216536118
160.4,0.504430067125264
160.5,0.511937814691262
160.6,0.519671841696571
160.7,0.527639826159806
160.8,0.535849754615825
160.9,0.544309935679877
161,0.553029014244287
161.1,0.562015986337429
161.2,0.571280214675984
161.3,0.580831444942853
161.4,0.590679822824396
161.5,0.600835911842108
161.6,0.61131071201524
161.7,0.622115679392301
161.8,0.633262746490897
161.9,0.64476434368679
162,0.656633421594603
162.1,0.668883474484067
162.2,0.681528564777222
162.3,0.694583348673444
162.4,0.708063102950658
162.5,0.721983752992479
162.6,0.736361902092406
162.7,0.751214862087484
162.8,0.766560685375045
162.9,0.782418198367238
163,0.798807036438986
163.1,0.815747680425812
163.2,0.833261494728558
163.3,0.851370767082338
163.4,0.87009875004718
163.5,0.889469704277517
163.6,0.909508943627074
163.7,0.930242882144646
163.8,0.951699083014672
163.9,0.973906309494416
164,0.996894577896754
164.1,1.02069521266408
164.2,1.04534090357452
164.3,1.07086576511618
164.4,1.09730539805922
164.5,1.1246969532474
164.6,1.15307919762245
164.7,1.18249258248392
164.8,1.21297931397516
164.9,1.24458342577241
165,1.27735085393776
165.1,1.3113295138788
165.2,1.34656937933694
165.3,1.38312256330297
165.4,1.4210434007318
165.5,1.46038853289877
165.6,1.50121699320613
165.7,1.543590294211
165.8,1.58757251560451
165.9,1.63323039282503
166,1.68063340593731
166.1,1.7298538683522
166.2,1.78096701489901
166.3,1.83405108869344
166.4,1.88918742616877
166.5,1.94646053955499
166.6,2.00595819600111
166.7,2.06777149243795
166.8,2.13199492517338
166.9,2.19872645309814
167,2.26806755325851
167.1,2.3401232674214
167.2,2.41500223811909
167.3,2.49281673251384
167.4,2.57368265226822
167.5,2.65771952744573
167.6,2.74505049229858
167.7,2.83580224062691
167.8,2.93010495821793
167.9,3.02809222969583
168,3.12990091693642
168.1,3.23567100602787
168.2,3.34554541959237
168.3,3.45966979112901
168.4,3.57819219789879
168.5,3.70126284875443
168.6,3.82903372322677
168.7,3.96165815812241
168.8,4.09929037787187
168.9,4.242084964902
169,4.39019626640011
169.1,4.54377773399959
169.2,4.7029811931586
169.3,4.86795603933435
169.4,5.03884835848809
169.5,5.21579996999893
169.6,5.39894739073049
169.7,5.58842071979102
169.8,5.78434244446466
169.9,5.98682616887468
170,6.19597526817348
170.1,6.41188147244002
170.2,6.63462338599977
170.3,6.86426494955981
170.4,7.10085385435778
170.5,7.34441991944191
170.6,7.59497344520409
170.7,7.85250355834754
170.8,8.116976565546
170.9,8.38833433509532
171,8.66649272781689
171.1,8.95134010028502
171.2,9.24273590504932
171.3,9.54050941383809
171.4,9.84445859068491
171.5,10.1543491424438
171.6,10.4699137741758
171.7,10.7908516763373
171.8,11.1168282695136
171.9,11.4474752305878
172,11.7823908216663
172.1,12.1211405398123
172.2,12.4632581016566
172.3,12.8082467723215
172.4,13.1555810428527
172.5,13.5047086546151
172.6,13.8550529629765
172.7,14.2060156262254
172.8,14.556979599211
172.9,14.9073124048217
173,15.2563696503347
173.1,15.6034987500491
173.2,15.9480428106496
173.3,16.2893446316061
173.4,16.6267507697404
173.5,16.959615615009
173.6,17.2873054236433
173.7,17.6092022550998
173.8,17.9247077608059
173.9,18.2332467754103
174,18.5342706650628
174.1,18.8272603920624
174.2,19.1117292608491
174.3,19.3872253166187
174.4,19.6533333746027
174.5,19.9096766650807
174.6,20.1559180862754
174.7,20.3917610642219
174.8,20.6169500253267
174.9,20.8312704934709
175,21.0345488290394
175.1,21.2266516320683
175.2,21.4074848357132
175.3,21.5769925194292
175.4,21.7351554735839
175.5,21.8819895487322
175.6,22.0175438234954
175.7,22.1418986249643
175.8,22.255163434875
175.9,22.3574747135519
176,22.448993671888
176.1,22.5299040195178
176.2,22.6004097149357
176.3,22.6607327407068
176.4,22.7111109241957
176.5,22.7517958214733
176.6,22.7830506793215
176.7,22.8051484875901
176.8,22.8183701316251
176.9,22.8230026521081
177,22.8193376174518
177.1,22.8076696119134
177.2,22.7882948408054
177.3,22.7615098526298
177.4,22.7276103766137
177.5,22.6868902729874
177.6,22.6396405924043
177.7,22.5861487401444
177.8,22.5266977401537
177.9,22.4615655935339
178,22.3910247257979
178.1,22.3153415170219
178.2,22.2347759089515
178.3,22.1495810831247
178.4,22.0600032041614
178.5,21.9662812225149
178.6,21.8686467311686
178.7,21.767323871
178.8,21.662529279784
178.9,21.5544720800945
179,21.4433539016477
179.1,21.3293689339321
179.2,21.2127040052675
179.3,21.0935386847304
179.4,20.9720454036735
179.5,20.8483895938453
179.6,20.7227298393873
179.7,20.5952180402386
179.8,20.4659995847219
179.9,20.3352135293134
180,20.2029927838079
180.1,20.0694643002928
180.2,19.9347492645235
180.3,19.7989632884644
180.4,19.6622166029125
180.5,19.5246142492621
180.6,19.386256269598
180.7,19.2472378944214
180.8,19.1076497274164
180.9,18.9675779267626
181,18.82710438258
181.1,18.6863068901733
181.2,18.5452593188055
181.3,18.4040317757937
181.4,18.2626907657716
181.5,18.1212993450096
181.6,17.979917270724
181.7,17.8386011453436
181.8,17.6974045557296
181.9,17.5563782073745
182,17.4155700536256
182.1,17.2750254199994
182.2,17.1347871236683
182.3,16.9948955882148
182.4,16.8553889537587
182.5,16.7163031825732
182.6,16.5776721603098
182.7,16.4395277929596
182.8,16.3019000996822
182.9,16.1648173016345
183,16.0283059069335
183.1,15.8923907918897
183.2,15.7570952786444
183.3,15.6224412093452
183.4,15.4884490169928
183.5,15.3551377930868
183.6,15.2225253522015
183.7,15.0906282936135
183.8,14.9594620601055
183.9,14.829040994063
184,14.6993783909803
184.1,14.5704865504868
184.2,14.4423768250023
184.3,14.3150596661247
184.4,14.1885446688521
184.5,14.0628406137351
184.6,13.9379555070534
184.7,13.8138966191066
184.8,13.6906705207048
184.9,13.5682831179423
185,13.4467396853331
185.1,13.3260448973853
185.2,13.2062028586858
185.3,13.0872171325661
185.4,12.9690907684146
185.5,12.8518263277002
185.6,12.7354259087675
185.7,12.6198911704607
185.8,12.5052233546335
185.9,12.3914233075961
186,12.2784915005504
186.1,12.1664280490619
186.2,12.0552327316131
186.3,11.944905007283
186.4,11.8354440325935
186.5,11.7268486775633
186.6,11.6191175410056
186.7,11.5122489651076
186.8,11.4062410493235
186.9,11.3010916636159
187,11.196798461075
187.1,11.0933588899461
187.2,10.9907702050931
187.3,10.8890294789242
187.4,10.7881336118065
187.5,10.6880793419925
187.6,10.5888632550825
187.7,10.4904817930435
187.8,10.3929312628077
187.9,10.2962078444674
188,10.2003075990881
188.1,10.1052264761561
188.2,10.0109603206778
188.3,9.91750487994798
188.4,9.82485581000107
188.5,9.73300868176151
188.6,9.64195898690634
188.7,9.55170214345378
188.8,9.46223350109038
188.9,9.37354834624883
189,9.28564190694798
189.1,9.19850935740603
189.2,9.11214582243726
189.3,9.02654638164236
189.4,8.94170607340169
189.5,8.85761989868056
189.6,8.77428282465514
189.7,8.69168978816708
189.8,8.60983569901466
189.9,8.52871544308801
190,8.44832388535523
190.1,8.36865587270641
190.2,8.28970623666178
190.3,8.21146979595016
190.4,8.13394135896359
190.5,8.05711572609369
190.6,7.98098769195491
190.7,7.9055520475
190.8,7.83080358203222
190.9,7.75673708511914
191,7.68334734841219
191.1,7.61062916737635
191.2,7.53857734293385
191.3,7.46718668302567
191.4,7.39645200409456
191.5,7.32636813249302
191.6,7.2569299058195
191.7,7.18813217418601
191.8,7.11996980142022
191.9,7.05243766620483
192,6.985530663157
192.1,6.9192437038505
192.2,6.85357171778307
192.3,6.78850965329137
192.4,6.72405247841577
192.5,6.66019518171736
192.6,6.59693277304897
192.7,6.53426028428249
192.8,6.47217276999419
192.9,6.41066530811004
193,6.34973300051259
193.1,6.28937097361125
193.2,6.22957437887747
193.3,6.17033839334638
193.4,6.11165822008634
193.5,6.05352908863781
193.6,5.99594625542286
193.7,5.93890500412665
193.8,5.88240064605199
193.9,5.82642852044828
194,5.7709839948159
194.1,5.71606246518712
194.2,5.66165935638453
194.3,5.607770122258
194.4,5.5543902459012
194.5,5.50151523984838
194.6,5.44914064625249
194.7,5.39726203704529
194.8,5.34587501408041
194.9,5.29497520925992
195,5.24455828464538
195.1,5.19461993255382
195.2,5.14515587563951
195.3,5.09616186696204
195.4,5.04763369004141
195.5,4.99956715890061
195.6,4.9519581180964
195.7,4.90480244273871
195.8,4.85809603849918
195.9,4.81183484160942
196,4.76601481884945
196.1,4.72063196752664
196.2,4.67568231544582
196.3,4.63116192087073
196.4,4.58706687247743
196.5,4.54339328929992
196.6,4.50013732066839
196.7,4.45729514614041
196.8,4.41486297542551
196.9,4.37283704830335
197,4.33121363453583
197.1,4.28998903377353
197.2,4.24915957545659
197.3,4.20872161871054
197.4,4.16867155223709
197.5,4.12900579420034
197.6,4.08972079210858
197.7,4.05081302269184
197.8,4.01227899177556
197.9,3.9741152341505
198,3.93631831343907
198.1,3.89888482195842
198.2,3.8618113805803
198.3,3.82509463858797
198.4,3.7887312735304
198.5,3.75271799107378
198.6,3.71705152485059
198.7,3.68172863630638
198.8,3.64674611454438
198.9,3.61210077616815
199,3.57778946512231
199.1,3.54380905253152
199.2,3.51015643653789
199.3,3.47682854213688
199.4,3.4438223210118
199.5,3.41113475136703
199.6,3.37876283776018
199.7,3.34670361093304
199.8,3.31495412764168
199.9,3.28351147048565
