"Time","Prey"
0,40
0.1,40.16
0.2,40.3134112
0.3,40.4598944624465
0.4,40.599101756019
0.5,40.7306763945737
0.6,40.854253336101
0.7,40.969459546827
0.8,41.0759144357245
0.9,41.1732303647973
1,41.2610132405525
1.1,41.3388631920695
1.2,41.4063753410052
1.3,41.4631406687292
1.4,41.5087469855518
1.5,41.5427800066804
1.6,41.5648245391011
1.7,41.5744657830315
1.8,41.5712907508996
1.9,41.5548898059832
2,41.5248583218645
2.1,41.4807984627264
2.2,41.4223210832162
2.3,41.3490477451473
2.4,41.2606128466749
2.5,41.1566658577966
2.6,41.0368736540796
2.7,40.9009229384297
2.8,40.7485227385057
2.9,40.5794069650709
3,40.393337014192
3.1,40.1901043937857
3.2,39.9695333526071
3.3,39.7314834874424
3.4,39.4758523020415
3.5,39.2025776892915
3.6,38.9116403063383
3.7,38.6030658108863
3.8,38.276926925819
3.9,37.9333452986489
4,37.572493122196
4.1,37.1945944833676
4.2,36.7999264080239
4.3,36.3888195716979
4.4,35.9616586484309
4.5,35.5188822731844
4.6,35.0609825971969
4.7,34.5885044202301
4.8,34.1020438888457
4.9,33.6022467555955
5,33.0898062001935
5.1,32.5654602202533
5.2,32.0299886058828
5.3,31.4842095191745
5.4,30.928975706261
5.5,30.365170375945
5.6,29.7937027848071
5.7,29.2155035739694
5.8,28.6315199072187
5.9,28.0427104638227
6,27.4500403420139
6.1,26.8544759306872
6.2,26.2569798073078
6.3,25.6585057193482
6.4,25.0599937047846
6.5,24.4623654043333
6.6,23.8665196142898
6.7,23.2733281241463
6.8,22.6836318777521
6.9,22.0982374907929
7,21.5179141509587
7.1,20.9433909205245
7.2,20.3753544543407
7.3,19.814447139589
7.4,19.2612656572547
7.5,18.7163599592248
7.6,18.1802326493705
7.7,17.6533387519915
7.8,17.1360858466681
7.9,16.628834544927
8,16.1318992812033
8.1,15.6455493883768
8.2,15.1700104266559
8.3,14.7054657337494
8.4,14.252058164047
8.5,13.809891984881
8.6,13.3790348987793
8.7,12.9595201618883
8.8,12.5513487703652
8.9,12.1544916884329
9,11.7688920939003
9.1,11.3944676191996
9.2,11.0311125683229
9.3,10.6787000923991
9.4,10.3370843089906
9.5,10.0061023524686
9.6,9.68557634500448
9.7,9.37531527978566
9.8,9.07511680997822
9.9,8.78476893873352
10,8.50405160713699
10.1,8.23273817843642
10.2,7.97059681815777
10.3,7.71739177082336
10.4,7.47288453493698
10.5,7.2368349387006
10.6,7.00900211958765
10.7,6.7891454114295
10.8,6.57702514308567
10.9,6.3724033530762
11,6.17504442476854
11.1,5.98471564684222
11.2,5.80118770381316
11.3,5.62423510139688
11.4,5.45363653143481
11.5,5.28917518100958
11.6,5.13063899024194
11.7,4.97782086310027
11.8,4.8305188353711
11.9,4.68853620373998
12,4.55168161972266
12.1,4.41976915197028
12.2,4.29261832025321
12.3,4.17005410420895
12.4,4.05190692972348
12.5,3.93801263560342
12.6,3.82821242299122
12.7,3.72235278977796
12.8,3.6202854520792
12.9,3.52186725465939
13,3.42696007202056
13.1,3.33543070171057
13.2,3.24715075125638
13.3,3.16199651998754
13.4,3.079848876885
13.5,3.00059313546953
13.6,2.9241189266327
13.7,2.8503200702107
13.8,2.77909444600729
13.9,2.71034386488584
14,2.64397394047215
14.1,2.57989396193797
14.2,2.5180167682706
14.3,2.45825862437519
14.4,2.40053909930335
14.5,2.3447809468544
14.6,2.29090998875264
14.7,2.23885500056601
14.8,2.18854760049753
14.9,2.1399221411505
15,2.09291560434198
15.1,2.04746749901509
15.2,2.00351976228032
15.3,1.96101666359761
15.4,1.91990471209528
15.5,1.88013256700813
15.6,1.84165095120545
15.7,1.80441256776939
15.8,1.76837201957578
15.9,1.73348573182225
16,1.69971187744268
16.1,1.66701030534209
16.2,1.63534247138229
16.3,1.60467137204546
16.4,1.57496148070084
16.5,1.54617868639777
16.6,1.51829023510769
16.7,1.49126467333675
16.8,1.46507179403113
16.9,1.43968258469704
17,1.41506917765818
17.1,1.39120480237442
17.2,1.36806373974652
17.3,1.34562127833297
17.4,1.32385367240677
17.5,1.30273810178131
17.6,1.28225263333657
17.7,1.26237618417835
17.8,1.24308848636549
17.9,1.22437005314163
18,1.2062021466102
18.1,1.18856674679341
18.2,1.17144652201766
18.3,1.15482480057018
18.4,1.13868554357328
18.5,1.12301331902478
18.6,1.10779327695503
18.7,1.09301112565275
18.8,1.07865310891382
18.9,1.06470598426886
19,1.05115700214739
19.1,1.03799388593766
19.2,1.02520481290343
19.3,1.01277839592006
19.4,1.00070366599424
19.5,0.988970055532822
19.6,0.977567382328076
19.7,0.96648583422765
19.8,0.955715954459241
19.9,0.945248627581045
20,0.935075066030403
20.1,0.925186797244255
20.2,0.915575651326147
20.3,0.906233749235656
20.4,0.897153491477178
20.5,0.888327547266022
20.6,0.879748844150746
20.7,0.87141055807161
20.8,0.863306103835917
20.9,0.855429125991865
21,0.847773490083386
21.1,0.840333274269195
21.2,0.83310276129006
21.3,0.826076430769005
21.4,0.819248951829867
21.5,0.812615176020252
21.6,0.806170130525606
21.7,0.799909011661689
21.8,0.793827178633327
21.9,0.787920147547848
22,0.782183585672172
22.1,0.776613305922963
22.2,0.771205261579791
22.3,0.765955541211661
22.4,0.760860363807726
22.5,0.755916074103405
22.6,0.751119138093518
22.7,0.746466138724451
22.8,0.741953771757683
22.9,0.7375788417974
23,0.7333382584752
23.1,0.729229032785247
23.2,0.725248273563501
23.3,0.721393184104947
23.4,0.717661058913019
23.5,0.714049280575677
23.6,0.710555316762817
23.7,0.707176717339975
23.8,0.703911111593459
23.9,0.700756205562299
24,0.697709779472587
24.1,0.694769685269977
24.2,0.69193384424631
24.3,0.689200244756495
24.4,0.686566940021955
24.5,0.684032046017104
24.6,0.681593739435472
24.7,0.679250255732261
24.8,0.676999887240222
24.9,0.674840981355905
25,0.672771938793464
25.1,0.670791211903286
25.2,0.668897303052878
25.3,0.667088763067511
25.4,0.665364189728272
25.5,0.66372222632523
25.6,0.662161560263557
25.7,0.660680921720511
25.8,0.659279082351304
25.9,0.657954854041921
26,0.656707087707086
26.1,0.655534672131606
26.2,0.65443653285343
26.3,0.653411631086797
26.4,0.65245896268395
26.5,0.651577557133931
26.6,0.650766476597041
26.7,0.650024814973616
26.8,0.649351697005811
26.9,0.648746277411148
27,0.648207740046639
27.1,0.647735297102325
27.2,0.647328188323145
27.3,0.646985680258072
27.4,0.646707065535506
27.5,0.64649166216396
27.6,0.646338812857095
27.7,0.646247884382222
27.8,0.646218266931411
27.9,0.646249373514375
28,0.646340639372352
28.1,0.646491521412218
28.2,0.646701497660103
28.3,0.64697006673381
28.4,0.647296747333372
28.5,0.647681077749091
28.6,0.648122615386447
28.7,0.648620936307276
28.8,0.649175634786652
28.9,0.649786322884911
29,0.650452630034304
29.1,0.651174202639755
29.2,0.65195070369325
29.3,0.652781812401373
29.4,0.653667223825553
29.5,0.654606648534579
29.6,0.655599812268957
29.7,0.656646455616735
29.8,0.657746333700375
29.9,0.658899215874328
30,0.66010488543294
30.1,0.661363139328352
30.2,0.662673787898057
30.3,0.664036654601799
30.4,0.665451575767513
30.5,0.666918400345997
30.6,0.668436989674045
30.7,0.670007217245764
30.8,0.671628968491804
30.9,0.673302140566257
31,0.675026642140983
31.1,0.676802393207112
31.2,0.678629324883514
31.3,0.680507379232006
31.4,0.682436509079089
31.5,0.684416677844021
31.6,0.686447859373014
31.7,0.688530037779382
31.8,0.690663207289451
31.9,0.692847372094061
32,0.695082546205482
32.1,0.697368753319598
32.2,0.699706026683186
32.3,0.702094408966144
32.4,0.704533952138537
32.5,0.707024717352291
32.6,0.709566774827431
32.7,0.712160203742715
32.8,0.714805092130533
32.9,0.717501536775973
33,0.720249643119907
33.1,0.723049525166017
33.2,0.725901305391614
33.3,0.728805114662181
33.4,0.731761092149519
33.5,0.734769385253396
33.6,0.737830149526618
33.7,0.740943548603422
33.8,0.744109754131101
33.9,0.747328945704786
34,0.750601310805289
34.1,0.753927044739945
34.2,0.75730635058636
34.3,0.760739439139005
34.4,0.764226528858578
34.5,0.767767845824061
34.6,0.77136362368742
34.7,0.775014103630873
34.8,0.77871953432666
34.9,0.782480171899275
35,0.786296279890081
35.1,0.790168129224264
35.2,0.794095998180071
35.3,0.79808017236028
35.4,0.802120944665853
35.5,0.806218615271717
35.6,0.810373491604641
35.7,0.814585888323147
35.8,0.818856127299429
35.9,0.823184537603222
36,0.827571455487591
36.1,0.832017224376605
36.2,0.83652219485484
36.3,0.841086724658699
36.4,0.845711178669493
36.5,0.850395928908267
36.6,0.855141354532322
36.7,0.859947841833416
36.8,0.864815784237608
36.9,0.86974558230671
37,0.87473764374133
37.1,0.879792383385474
37.2,0.884910223232678
37.3,0.890091592433651
37.4,0.895336927305396
37.5,0.900646671341801
37.6,0.906021275225657
37.7,0.911461196842103
37.8,0.916966901293461
37.9,0.922538860915444
38,0.928177555294731
38.1,0.93388347128787
38.2,0.939657103041509
38.3,0.945498952013923
38.4,0.951409526997841
38.5,0.957389344144527
38.6,0.963438926989134
38.7,0.969558806477293
38.8,0.975749520992927
38.9,0.982011616387288
39,0.988345646009189
39.1,0.994752170736433
39.2,1.00123175900841
39.3,1.00778498685989
39.4,1.01441243795592
39.5,1.02111470362792
39.6,1.02789238291089
39.7,1.03474608258176
39.8,1.04167641719884
39.9,1.04868400914239
40,1.05576948865631
40.1,1.06293349389088
40.2,1.07017667094666
40.3,1.07749967391938
40.4,1.08490316494603
40.5,1.09238781425185
40.6,1.09995430019858
40.7,1.10760330933358
40.8,1.11533553644016
40.9,1.12315168458887
41,1.13105246518983
41.1,1.1390385980462
41.2,1.14711081140853
41.3,1.15526984203031
41.4,1.16351643522443
41.5,1.17185134492071
41.6,1.1802753337245
41.7,1.1887891729762
41.8,1.19739364281194
41.9,1.20608953222515
42,1.21487763912921
42.1,1.22375877042114
42.2,1.23273374204628
42.3,1.24180337906394
42.4,1.25096851571418
42.5,1.26022999548548
42.6,1.26958867118353
42.7,1.27904540500095
42.8,1.2886010685881
42.9,1.29825654312485
43,1.30801271939342
43.1,1.31787049785216
43.2,1.32783078871045
43.3,1.33789451200454
43.4,1.34806259767447
43.5,1.35833598564197
43.6,1.36871562588938
43.7,1.37920247853969
43.8,1.38979751393747
43.9,1.40050171273095
44,1.4113160659551
44.1,1.42224157511571
44.2,1.43327925227454
44.3,1.44443012013556
44.4,1.45569521213215
44.5,1.4670755725154
44.6,1.47857225644349
44.7,1.49018633007206
44.8,1.50191887064568
44.9,1.51377096659042
45,1.5257437176074
45.1,1.53783823476749
45.2,1.55005564060708
45.3,1.56239706922488
45.4,1.57486366637986
45.5,1.58745658959024
45.6,1.60017700823364
45.7,1.61302610364824
45.8,1.62600506923511
45.9,1.63911511056164
46,1.65235744546604
46.1,1.66573330416306
46.2,1.6792439293507
46.3,1.69289057631819
46.4,1.70667451305498
46.5,1.72059702036098
46.6,1.73465939195785
46.7,1.74886293460153
46.8,1.76320896819589
46.9,1.77769882590751
47,1.79233385428171
47.1,1.80711541335967
47.2,1.82204487679681
47.3,1.8371236319823
47.4,1.85235308015982
47.5,1.86773463654944
47.6,1.88326973047082
47.7,1.89895980546752
47.8,1.91480631943257
47.9,1.93081074473531
48,1.94697456834939
48.1,1.96329929198204
48.2,1.97978643220463
48.3,1.99643752058439
48.4,2.01325410381749
48.5,2.03023774386333
48.6,2.04739001808009
48.7,2.06471251936162
48.8,2.08220685627557
48.9,2.0998746532028
49,2.11771755047817
49.1,2.13573720453256
49.2,2.15393528803619
49.3,2.1723134900434
49.4,2.19087351613854
49.5,2.20961708858343
49.6,2.22854594646596
49.7,2.24766184585018
49.8,2.26696655992769
49.9,2.28646187917037
50,2.30614961148451
50.1,2.32603158236634
50.2,2.34610963505892
50.3,2.36638563071036
50.4,2.38686144853356
50.5,2.40753898596724
50.6,2.42842015883846
50.7,2.44950690152651
50.8,2.47080116712823
50.9,2.49230492762479
51,2.51402017404984
51.1,2.53594891665921
51.2,2.55809318510192
51.3,2.58045502859278
51.4,2.60303651608636
51.5,2.62583973645246
51.6,2.64886679865306
51.7,2.6721198319207
51.8,2.69560098593844
51.9,2.71931243102121
52,2.74325635829867
52.1,2.76743497989967
52.2,2.79185052913808
52.3,2.8165052607002
52.4,2.84140145083368
52.5,2.86654139753794
52.6,2.89192742075615
52.7,2.9175618625687
52.8,2.9434470873882
52.9,2.96958548215604
53,2.99597945654047
53.1,3.02263144313625
53.2,3.04954389766581
53.3,3.07671929918196
53.4,3.10416015027216
53.5,3.13186897726438
53.6,3.15984833043441
53.7,3.18810078421485
53.8,3.21662893740558
53.9,3.24543541338579
54,3.2745228603276
54.1,3.30389395141119
54.2,3.33355138504157
54.3,3.36349788506682
54.4,3.39373620099791
54.5,3.4242691082301
54.6,3.45509940826591
54.7,3.48622992893954
54.8,3.51766352464295
54.9,3.54940307655343
55,3.58145149286272
55.1,3.61381170900764
55.2,3.64648668790228
55.3,3.67947942017173
55.4,3.71279292438725
55.5,3.74643024730305
55.6,3.78039446409452
55.7,3.81468867859792
55.8,3.84931602355162
55.9,3.8842796608388
56,3.91958278173158
56.1,3.95522860713663
56.2,3.99122038784222
56.3,4.02756140476671
56.4,4.06425496920837
56.5,4.10130442309676
56.6,4.1387131392453
56.7,4.17648452160536
56.8,4.21462200552159
56.9,4.25312905798867
57,4.29200917790926
57.1,4.33126589635332
57.2,4.37090277681868
57.3,4.41092341549278
57.4,4.4513314415157
57.5,4.49213051724434
57.6,4.53332433851777
57.7,4.57491663492367
57.8,4.61691117006591
57.9,4.65931174183317
58,4.7021221826686
58.1,4.74534635984041
58.2,4.78898817571355
58.3,4.83305156802215
58.4,4.87754051014289
58.5,4.92245901136925
58.6,4.96781111718647
58.7,5.01360090954724
58.8,5.05983250714815
58.9,5.10651006570667
59,5.15363777823877
59.1,5.20121987533703
59.2,5.24926062544922
59.3,5.29776433515728
59.4,5.34673534945658
59.5,5.39617805203552
59.6,5.44609686555523
59.7,5.49649625192945
59.8,5.54738071260444
59.9,5.59875478883878
60,5.65062306198314
60.1,5.70299015375976
60.2,5.75586072654164
60.3,5.80923948363132
60.4,5.86313116953919
60.5,5.91754057026114
60.6,5.97247251355553
60.7,6.02793186921932
60.8,6.08392354936325
60.9,6.14045250868597
61,6.19752374474695
61.1,6.25514229823808
61.2,6.3133132532538
61.3,6.37204173755963
61.4,6.43133292285893
61.5,6.49119202505779
61.6,6.55162430452776
61.7,6.61263506636644
61.8,6.67422966065563
61.9,6.73641348271682
62,6.79919197336397
62.1,6.86257061915333
62.2,6.92655495262996
62.3,6.99115055257099
62.4,7.05636304422519
62.5,7.1221980995487
62.6,7.18866143743672
62.7,7.25575882395083
62.8,7.32349607254172
62.9,7.39187904426712
63,7.46091364800451
63.1,7.53060584065852
63.2,7.6009616273625
63.3,7.67198706167412
63.4,7.74368824576459
63.5,7.81607133060119
63.6,7.88914251612277
63.7,7.96290805140779
63.8,8.03737423483458
63.9,8.11254741423351
64,8.18843398703038
64.1,8.26504040038097
64.2,8.34237315129602
64.3,8.42043878675633
64.4,8.49924390381739
64.5,8.57879514970321
64.6,8.65909922188868
64.7,8.74016286816992
64.8,8.82199288672221
64.9,8.90459612614474
65,8.98797948549175
65.1,9.07214991428919
65.2,9.15711441253656
65.3,9.24288003069296
65.4,9.32945386964682
65.5,9.41684308066852
65.6,9.5050548653451
65.7,9.59409647549632
65.8,9.68397521307124
65.9,9.77469843002437
66,9.86627352817065
66.1,9.95870795901815
66.2,10.0520092235777
66.3,10.1461848721481
66.4,10.2412425040767
66.5,10.3371897674928
66.6,10.4340343590145
66.7,10.5317840234258
66.8,10.6304465533253
66.9,10.7300297887425
67,10.8305416167217
67.1,10.9319899708732
67.2,11.0343828308873
67.3,11.1377282220133
67.4,11.2420342144987
67.5,11.3473089229892
67.6,11.4535605058863
67.7,11.5607971646619
67.8,11.6690271431275
67.9,11.7782587266552
68,11.8885002413509
68.1,11.9997600531746
68.2,12.1120465670081
68.3,12.2253682256663
68.4,12.3397335088506
68.5,12.4551509320412
68.6,12.5716290453267
68.7,12.6891764321671
68.8,12.8078017080884
68.9,12.9275135193056
69,13.0483205412706
69.1,13.1702314771427
69.2,13.2932550561773
69.3,13.4174000320306
69.4,13.5426751809755
69.5,13.6690893000258
69.6,13.7966512049644
69.7,13.9253697282711
69.8,14.0552537169468
69.9,14.1863120302286
70,14.3185535371908
70.1,14.4519871142292
70.2,14.5866216424204
70.3,14.7224660047537
70.4,14.859529083228
70.5,14.9978197558092
70.6,15.1373468932418
70.7,15.2781193557075
70.8,15.420145989326
70.9,15.563435622489
71,15.7079970620223
71.1,15.8538390891668
71.2,16.0009704553713
71.3,16.1493998778895
71.4,16.2991360351715
71.5,16.4501875620413
71.6,16.6025630446511
71.7,16.7562710152029
71.8,16.9113199464264
71.9,17.0677182458026
72,17.2254742495235
72.1,17.3845962161734
72.2,17.5450923201222
72.3,17.7069706446164
72.4,17.8702391745553
72.5,18.0349057889373
72.6,18.2009782529632
72.7,18.3684642097797
72.8,18.5373711718487
72.9,18.7077065119232
73,18.879477453616
73.1,19.0526910615385
73.2,19.2273542309944
73.3,19.4034736772056
73.4,19.5810559240503
73.5,19.7601072922915
73.6,19.9406338872727
73.7,20.1226415860565
73.8,20.3061360239813
73.9,20.4911225806102
74,20.6776063650431
74.1,20.8655922005649
74.2,21.0550846085992
74.3,21.2460877919344
74.4,21.4386056171923
74.5,21.6326415965013
74.6,21.828198868341
74.7,22.0252801775184
74.8,22.2238878542376
74.9,22.4240237922208
75,22.6256894258378
75.1,22.8288857061996
75.2,23.0336130761671
75.3,23.2398714442282
75.4,23.4476601571892
75.5,23.6569779716285
75.6,23.8678230240562
75.7,24.0801927997198
75.8,24.2940840999961
75.9,24.509493008305
76,24.7264148544782
76.1,24.9448441775133
76.2,25.1647746866414
76.3,25.3861992206321
76.4,25.6091097052574
76.5,25.8334971088326
76.6,26.0593513957489
76.7,26.2866614779089
76.8,26.5154151639739
76.9,26.7455991063245
77,26.9771987456395
77.1,27.210198252985
77.2,27.4445804693117
77.3,27.6803268422457
77.4,27.9174173600616
77.5,28.1558304827176
77.6,28.3955430698316
77.7,28.6365303054721
77.8,28.8787656196355
77.9,29.1222206062748
78,29.3668649377455
78.1,29.6126662755276
78.2,29.8595901770811
78.3,30.1075999986901
78.4,30.3566567941465
78.5,30.6067192091242
78.6,30.8577433710911
78.7,31.1096827746075
78.8,31.362488161856
78.9,31.6161073982515
79,31.8704853429793
79.1,32.1255637143115
79.2,32.381280949555
79.3,32.6375720594908
79.4,32.8943684771677
79.5,33.1515979009224
79.6,33.4091841315079
79.7,33.667046903222
79.8,33.9251017089441
79.9,34.1832596190008
80,34.4414270938053
80.1,34.6995057902335
80.2,34.9573923617266
80.3,35.2149782521438
80.4,35.4721494834156
80.5,35.7287864370949
80.6,35.984763629941
80.7,36.2399494837251
80.8,36.4942060895013
80.9,36.7473889666485
81,36.9993468170604
81.1,37.2499212749397
81.2,37.4989466527359
81.3,37.7462496838682
81.4,37.9916492629748
81.5,38.2349561845529
81.6,38.4759728809763
81.7,38.7144931610229
81.8,38.9503019501948
81.9,39.1831750342797
82,39.4128788077857
82.1,39.6391700290728
82.2,39.861795584217
82.3,40.0804922618671
82.4,40.294986541593
82.5,40.5049943984823
82.6,40.710221127009
82.7,40.9103611874865
82.8,41.1050980787109
82.9,41.2941042407127
83,41.4770409918564
83.1,41.6535585048505
83.2,41.8232958265695
83.3,41.9858809469188
83.4,42.1409309223079
83.5,42.2880520596182
83.6,42.4268401668632
83.7,42.5568808770232
83.8,42.6777500517991
83.9,42.7890142722464
84,42.8902314234214
84.1,42.9809513802854
84.2,43.0607168021446
84.3,43.1290640428584
84.4,43.1855241838947
84.5,43.2296241970422
84.6,43.2608882431898
84.7,43.2788391130248
84.8,43.2829998147881
84.9,43.2728953133136
85,43.2480544234789
85.1,43.2080118598753
85.2,43.1523104429592
85.3,43.08050346017
85.4,42.9921571784759
85.5,42.8868535025493
85.6,42.7641927702722
85.7,42.623796674551
85.8,42.4653112974845
85.9,42.2884102398286
86,42.0927978254451
86.1,41.878212357085
86.2,41.6444293964773
86.3,41.3912650383476
86.4,41.1185791447597
86.5,40.8262785031336
86.6,40.5143198685537
86.7,40.1827128486339
86.8,39.8315225873635
86.9,39.4608722031201
87,39.0709449355137
87.1,38.6619859560084
87.2,38.2343037984502
87.3,37.7882713677674
87.4,37.3243264882663
87.5,36.8429719571371
87.6,36.344775074
87.7,35.8303666235421
87.8,35.3004392954255
87.9,34.7557455335988
88,34.197094815763
88.1,33.6253503728589
88.2,33.0414253678521
88.3,32.4462785625659
88.4,31.8409095106039
88.5,31.2263533232714
88.6,30.6036750635818
88.7,29.9739638306961
88.8,29.3383266032609
88.9,28.6978819148962
89,28.0537534383917
89.1,27.4070635568869
89.2,26.7589270003844
89.3,26.1104446243725
89.4,25.4626974041642
89.5,24.8167407138916
89.6,24.1735989530776
89.7,23.5342605765269
89.8,22.8996735751565
89.9,22.2707414465563
90,21.648319684799
90.1,21.0332128095492
90.2,20.4261719451163
90.3,19.8278929509748
90.4,19.2390150966621
90.5,18.6601202660289
90.6,18.0917326687101
90.7,17.5343190305189
90.8,16.9882892293094
90.9,16.4539973387503
91,15.9317430393967
91.1,15.4217733544224
91.2,14.9242846663193
91.3,14.4394249707153
91.4,13.9672963241103
91.5,13.5079574436866
91.6,13.0614264192958
91.7,12.6276835001602
91.8,12.2066739216292
91.9,11.7983107404075
92,11.4024776499145
92.1,11.0190317507626
92.2,10.6478062546686
92.3,10.2886131033812
92.4,9.94124548735225
92.5,9.60548025186299
92.6,9.28108018110077
92.7,8.96779615324483
92.8,8.66536916194446
92.9,8.37353220165295
93,8.09201201611432
93.1,7.82053071089179
93.2,7.55880723218558
93.3,7.30655871532607
93.4,7.06350170726037
93.5,6.82935326809327
93.6,6.60383195731416
93.7,6.38665871075828
93.8,6.17755761463068
93.9,5.97625658308237
94,5.78248794588711
94.1,5.59598895273804
94.2,5.41650220058315
94.3,5.24377599025714
94.4,5.07756461845983
94.5,4.91762861088562
94.6,4.76373490203606
94.7,4.61565696695543
94.8,4.47317490982465
94.9,4.33607551403807
95,4.20415225807526
95.1,4.0772053011707
95.2,3.95504144248085
95.3,3.83747405715389
95.4,3.72432301242383
95.5,3.61541456658016
95.6,3.51058125340658
95.7,3.40966175444002
95.8,3.31250076117248
95.9,3.21894882910558
96,3.12886222536883
96.1,3.04210277142897
96.2,2.95853768224797
96.3,2.87803940309092
96.4,2.80048544504199
96.5,2.7257582201559
96.6,2.65374487705305
96.7,2.58433713765834
96.8,2.51743113568593
96.9,2.45292725738378
97,2.39072998497217
97.1,2.33074774313954
97.2,2.27289274889484
97.3,2.217080865019
97.4,2.16323145730779
97.5,2.11126725575338
97.6,2.0611142197729
97.7,2.01270140755745
97.8,1.96596084958488
97.9,1.92082742631334
98,1.87723875004981
98.1,1.83513505096804
98.2,1.79445906723389
98.3,1.7551559391814
98.4,1.71717310747138
98.5,1.68046021515403
98.6,1.64496901354918
98.7,1.61065327185099
98.8,1.57746869035902
98.9,1.54537281723345
99,1.51432496866933
99.1,1.48428615238315
99.2,1.45521899430349
99.3,1.42708766835753
99.4,1.39985782924501
99.5,1.37349654809238
99.6,1.34797225088072
99.7,1.32325465954284
99.8,1.29931473562654
99.9,1.27612462642344
100,1.25365761346495
100.1,1.23188806328938
100.2,1.21079138038704
100.3,1.19034396223269
100.4,1.17052315631755
100.5,1.15130721909608
100.6,1.13267527676522
100.7,1.1146072877971
100.8,1.0970840071487
100.9,1.08008695207494
101,1.06359836947448
101.1,1.04760120470019
101.2,1.03207907176892
101.3,1.01701622490792
101.4,1.00239753137773
101.5,0.988208445513883
101.6,0.974434983932304
101.7,0.961063701845354
101.8,0.948081670438076
101.9,0.935476455256169
102,0.923236095559418
102.1,0.911349084596363
102.2,0.899804350757917
102.3,0.888591239569593
102.4,0.877699496483759
102.5,0.867119250435139
102.6,0.85684099812443
102.7,0.846855588996513
102.8,0.837154210881291
102.9,0.827728376266646
103,0.81856990917443
103.1,0.809670932611752
103.2,0.801023856571108
103.3,0.792621366554153
103.4,0.784456412595066
103.5,0.776522198760609
103.6,0.768812173105038
103.7,0.761320018059068
103.8,0.754039641233043
103.9,0.746965166615425
104,0.740090926148592
104.1,0.733411451664777
104.2,0.726921467165797
104.3,0.720615881430996
104.4,0.714489780938542
104.5,0.708538423085933
104.6,0.70275722969623
104.7,0.697141780797167
104.8,0.691687808660881
104.9,0.686391192092612
105,0.681247950957227
105.1,0.67625424093299
105.2,0.67140634848245
105.3,0.666700686030832
105.4,0.662133787342742
105.5,0.657702303088436
105.6,0.653402996591297
105.7,0.649232739748575
105.8,0.645188509117799
105.9,0.641267382161614
106,0.63746653364416
106.1,0.633783232172395
106.2,0.630214836876088
106.3,0.626758794220501
106.4,0.623412634946029
106.5,0.620173971129359
106.6,0.617040493360941
106.7,0.614009968033801
106.8,0.611080234738964
106.9,0.608249203762957
107,0.605514853683078
107.1,0.602875229056301
107.2,0.60032843819789
107.3,0.597872651045954
107.4,0.595506097108352
107.5,0.593227063488524
107.6,0.591033892986965
107.7,0.58892498227522
107.8,0.586898780139394
107.9,0.584953785790338
108,0.583088547237757
108.1,0.581301659725653
108.2,0.579591764226582
108.3,0.577957545992359
108.4,0.576397733158913
108.5,0.574911095403119
108.6,0.573496442649517
108.7,0.572152623824919
108.8,0.570878525658993
108.9,0.569673071529003
109,0.568535220346946
109.1,0.567463965487421
109.2,0.56645833375462
109.3,0.565517384386915
109.4,0.56464020809756
109.5,0.563825926150124
109.6,0.563073689467278
109.7,0.562382677771678
109.8,0.561752098757678
109.9,0.561181187292722
110,0.560669204647246
110.1,0.560215437752036
110.2,0.559819198481974
110.3,0.559479822965196
110.4,0.559196670916685
110.5,0.558969124995397
110.6,0.558796590184033
110.7,0.558678493190614
110.8,0.558614281871053
110.9,0.558603424671944
111,0.558645410092826
111.1,0.558739746167204
111.2,0.558885959961654
111.3,0.559083597092332
111.4,0.559332221258276
111.5,0.55963141379089
111.6,0.559980773219017
111.7,0.560379914849059
111.8,0.560828470359593
111.9,0.56132608740998
112,0.561872429262464
112.1,0.562467174417285
112.2,0.56311001626036
112.3,0.563800662723077
112.4,0.564538835953797
112.5,0.565324272000644
112.6,0.566156720505205
112.7,0.567035944406757
112.8,0.567961719656672
112.9,0.568933834942638
113,0.569952091422378
113.1,0.571016302466537
113.2,0.572126293410439
113.3,0.573281901314409
113.4,0.574482974732374
113.5,0.57572937348848
113.6,0.577020968461452
113.7,0.578357641376448
113.8,0.579739284604151
113.9,0.58116580096689
114,0.582637103551532
114.1,0.584153115528951
114.2,0.585713769979852
114.3,0.587319009726756
114.4,0.588968787171939
114.5,0.590663064141159
114.6,0.592401811732961
114.7,0.594185010173421
114.8,0.596012648676128
114.9,0.597884725307265
115,0.599801246855632
115.1,0.601762228707445
115.2,0.603767694725786
115.3,0.605817677134554
115.4,0.607912216406787
115.5,0.610051361157224
115.6,0.612235168038981
115.7,0.614463701644232
115.8,0.616737034408754
115.9,0.619055246520261
116,0.621418425830381
116.1,0.623826667770205
116.2,0.626280075269282
116.3,0.628778758677986
116.4,0.631322835693142
116.5,0.633912431286832
116.6,0.6365476776383
116.7,0.639228714068855
116.8,0.641955686979711
116.9,0.644728749792667
117,0.647548062893575
117.1,0.650413793578496
117.2,0.653326116002502
117.3,0.656285211131038
117.4,0.659291266693781
117.5,0.662344477140948
117.6,0.665445043601968
117.7,0.668593173846485
117.8,0.671789082247618
117.9,0.675032989747433
118,0.678325123824566
118.1,0.68166571846396
118.2,0.685055014128651
118.3,0.68849325773357
118.4,0.691980702621306
118.5,0.695517608539792
118.6,0.699104241621869
118.7,0.702740874366685
118.8,0.706427785622896
118.9,0.71016526057363
119,0.713953590723166
119.1,0.717793073885307
119.2,0.721684014173413
119.3,0.725626721992044
119.4,0.729621514030203
119.5,0.733668713256134
119.6,0.737768648913648
119.7,0.741921656519959
119.8,0.746128077864988
119.9,0.750388261012111
120,0.754702560300342
120.1,0.759071336347905
120.2,0.763494956057181
120.3,0.767973792621015
120.4,0.772508225530339
120.5,0.777098640583122
120.6,0.781745429894592
120.7,0.786448991908742
120.8,0.791209731411076
120.9,0.796028059542593
121,0.800904393814987
121.1,0.805839158127042
121.2,0.810832782782217
121.3,0.815885704507389
121.4,0.82099836647276
121.5,0.826171218312892
121.6,0.831404716148875
121.7,0.836699322611606
121.8,0.842055506866163
121.9,0.847473744637275
122,0.852954518235862
122.1,0.858498316586642
122.2,0.864105635256799
122.3,0.869776976485687
122.4,0.87551284921558
122.5,0.881313769123441
122.6,0.887180258653713
122.7,0.893112847052119
122.8,0.899112070400468
122.9,0.905178471652454
123,0.911312600670436
123.1,0.917515014263216
123.2,0.923786276224775
123.3,0.930126957373989
123.4,0.936537635595308
123.5,0.94301889588039
123.6,0.949571330370689
123.7,0.956195538401
123.8,0.96289212654394
123.9,0.969661708655372
124,0.976504905920774
124.1,0.983422346902535
124.2,0.990414667588181
124.3,0.997482511439538
124.4,1.00462652944281
124.5,1.01184738015961
124.6,1.01914572977883
124.7,1.02652225216958
124.8,1.03397762893487
124.9,1.04151254946636
125,1.04912771099991
125.1,1.05682381867217
125.2,1.06460158557791
125.3,1.07246173282847
125.4,1.08040498961096
125.5,1.08843209324846
125.6,1.09654378926109
125.7,1.10474083142808
125.8,1.11302398185058
125.9,1.12139401101564
126,1.12985169786084
126.1,1.13839782984006
126.2,1.14703320299003
126.3,1.15575862199787
126.4,1.16457490026952
126.5,1.17348285999912
126.6,1.18248333223933
126.7,1.19157715697251
126.8,1.20076518318294
126.9,1.21004826892987
127,1.21942728142157
127.1,1.22890309709033
127.2,1.23847660166834
127.3,1.2481486902646
127.4,1.25792026744271
127.5,1.26779224729965
127.6,1.27776555354552
127.7,1.28784111958422
127.8,1.29801988859509
127.9,1.3083028136156
128,1.31869085762488
128.1,1.32918499362831
128.2,1.33978620474313
128.3,1.35049548428492
128.4,1.36131383585519
128.5,1.37224227342987
128.6,1.38328182144888
128.7,1.39443351490664
128.8,1.40569839944366
128.9,1.41707753143905
129,1.42857197810416
129.1,1.44018281757717
129.2,1.45191113901875
129.3,1.46375804270873
129.4,1.47572464014383
129.5,1.48781205413647
129.6,1.50002141891455
129.7,1.51235388022241
129.8,1.52481059542272
129.9,1.5373927335996
130,1.55010147566266
130.1,1.56293801445225
130.2,1.57590355484575
130.3,1.58899931386495
130.4,1.60222652078458
130.5,1.6155864172419
130.6,1.62908025734746
130.7,1.64270930779693
130.8,1.65647484798414
130.9,1.67037817011518
131,1.6844205793237
131.1,1.69860339378736
131.2,1.71292794484542
131.3,1.72739557711752
131.4,1.74200764862364
131.5,1.7567655309052
131.6,1.77167060914745
131.7,1.78672428230292
131.8,1.80192796321624
131.9,1.81728307875003
132,1.8327910699121
132.1,1.84845339198386
132.2,1.86427151464994
132.3,1.88024692212913
132.4,1.89638111330648
132.5,1.91267560186674
132.6,1.92913191642906
132.7,1.94575160068289
132.8,1.96253621352531
132.9,1.97948732919952
133,1.99660653743472
133.1,2.01389544358726
133.2,2.03135566878315
133.3,2.04898885006186
133.4,2.06679664052146
133.5,2.08478070946515
133.6,2.10294274254912
133.7,2.12128444193173
133.8,2.13980752642414
133.9,2.15851373164228
134,2.1774048101602
134.1,2.19648253166484
134.2,2.21574868311219
134.3,2.23520506888489
134.4,2.25485351095122
134.5,2.27469584902554
134.6,2.2947339407302
134.7,2.31496966175883
134.8,2.33540490604116
134.9,2.35604158590925
135,2.37688163226525
135.1,2.39792699475059
135.2,2.41917964191669
135.3,2.4406415613972
135.4,2.46231476008168
135.5,2.48420126429083
135.6,2.50630311995331
135.7,2.52862239278396
135.8,2.55116116846369
135.9,2.57392155282084
136,2.59690567201415
136.1,2.62011567271724
136.2,2.64355372230475
136.3,2.66722200903995
136.4,2.69112274226405
136.5,2.71525815258702
136.6,2.7396304920801
136.7,2.76424203446981
136.8,2.7890950753337
136.9,2.81419193229768
137,2.83953494523493
137.1,2.86512647646652
137.2,2.89096891096368
137.3,2.91706465655166
137.4,2.94341614411533
137.5,2.97002582780639
137.6,2.99689618525227
137.7,3.0240297177667
137.8,3.05142895056202
137.9,3.07909643296308
138,3.10703473862292
138.1,3.13524646574013
138.2,3.16373423727787
138.3,3.19250070118466
138.4,3.22154853061687
138.5,3.25088042416286
138.6,3.28049910606898
138.7,3.31040732646711
138.8,3.34060786160411
138.9,3.37110351407287
139,3.40189711304515
139.1,3.43299151450612
139.2,3.46438960149071
139.3,3.49609428432155
139.4,3.52810850084883
139.5,3.56043521669172
139.6,3.59307742548168
139.7,3.62603814910738
139.8,3.65932043796142
139.9,3.69292737118878
140,3.72686205693699
140.1,3.76112763260799
140.2,3.79572726511178
140.3,3.83066415112175
140.4,3.86594151733171
140.5,3.90156262071465
140.6,3.93753074878322
140.7,3.97384921985184
140.8,4.01052138330057
140.9,4.04755061984061
141,4.08494034178151
141.1,4.12269399329996
141.2,4.16081505071035
141.3,4.19930702273681
141.4,4.23817345078704
141.5,4.27741790922763
141.6,4.317044005661
141.7,4.35705538120391
141.8,4.39745571076762
141.9,4.43824870333943
142,4.47943810226588
142.1,4.52102768553737
142.2,4.56302126607431
142.3,4.6054226920147
142.4,4.64823584700313
142.5,4.69146465048122
142.6,4.73511305797937
142.7,4.77918506140994
142.8,4.82368468936172
142.9,4.86861600739559
143,4.9139831183416
143.1,4.9597901625971
143.2,5.00604131842613
143.3,5.05274080225995
143.4,5.09989286899859
143.5,5.14750181231353
143.6,5.19557196495132
143.7,5.24410769903818
143.8,5.2931134263855
143.9,5.34259359879615
144,5.39255270837165
144.1,5.44299528782001
144.2,5.49392591076424
144.3,5.54534919205152
144.4,5.59726978806286
144.5,5.64969239702322
144.6,5.70262175931206
144.7,5.75606265777418
144.8,5.81001991803082
144.9,5.86449840879087
145,5.91950304216218
145.1,5.97503877396282
145.2,6.03111060403226
145.3,6.08772357654224
145.4,6.14488278030741
145.5,6.20259334909547
145.6,6.26086046193677
145.7,6.31968934343327
145.8,6.37908526406666
145.9,6.43905354050564
146,6.49959953591202
146.1,6.56072866024579
146.2,6.62244637056869
146.3,6.68475817134643
146.4,6.74766961474914
146.5,6.81118630095009
146.6,6.87531387842243
146.7,6.94005804423369
146.8,7.00542454433803
146.9,7.07141917386589
147,7.13804777741091
147.1,7.2053162493139
147.2,7.27323053394367
147.3,7.34179662597441
147.4,7.41102057065949
147.5,7.48090846410134
147.6,7.55146645351724
147.7,7.62270073750066
147.8,7.69461756627797
147.9,7.76722324196014
148,7.84052411878921
148.1,7.91452660337915
148.2,7.98923715495084
148.3,8.06466228556078
148.4,8.14080856032323
148.5,8.21768259762537
148.6,8.29529106933514
148.7,8.37364070100127
148.8,8.45273827204525
148.9,8.53259061594465
149,8.6132046204074
149.1,8.69458722753664
149.2,8.7767454339855
149.3,8.85968629110145
149.4,8.94341690505961
149.5,9.02794443698449
149.6,9.11327610305963
149.7,9.19941917462449
149.8,9.28638097825801
149.9,9.3741688958482
150,9.46279036464701
150.1,9.55225287731001
150.2,9.64256398191979
150.3,9.73373128199271
150.4,9.82576243646794
150.5,9.91866515967813
150.6,10.0124472213008
150.7,10.1071164462893
150.8,10.2026807147833
150.9,10.2991479619967
151,10.3965261780822
151.1,10.494823407973
151.2,10.5940477511978
151.3,10.6942073616705
151.4,10.7953104474521
151.5,10.8973652704837
151.6,11.0003801462898
151.7,11.10436344365
151.8,11.209323584238
151.9,11.3152690422268
152,11.4222083438573
152.1,11.5301500669706
152.2,11.639102840501
152.3,11.7490753439278
152.4,11.8600763066858
152.5,11.9721145075306
152.6,12.085198773858
152.7,12.199337980975
152.8,12.3145410513209
152.9,12.4308169536349
153,12.54817470207
153.1,12.6666233552484
153.2,12.7861720152582
153.3,12.9068298265867
153.4,13.0286059749897
153.5,13.1515096862916
153.6,13.2755502251153
153.7,13.4007368935382
153.8,13.52707902967
153.9,13.654586006151
154,13.7832672285649
154.1,13.9131321337651
154.2,14.0441901881078
154.3,14.1764508855905
154.4,14.3099237458894
154.5,14.4446183122938
154.6,14.5805441495299
154.7,14.717710841472
154.8,14.8561279887343
154.9,14.9958052061388
155,15.1367521200539
155.1,15.278978365597
155.2,15.4224935836965
155.3,15.5673074180061
155.4,15.7134295116647
155.5,15.8608695038957
155.6,16.009637026438
155.7,16.1597416998011
155.8,16.3111931293372
155.9,16.4640009011213
156,16.6181745776309
156.1,16.7737236932164
156.2,16.930657749353
156.3,17.088986209664
156.4,17.2487184947047
156.5,17.409863976497
156.6,17.5724319728031
156.7,17.7364317411259
156.8,17.9018724724244
156.9,18.0687632845306
157,18.2371132152546
157.1,18.4069312151638
157.2,18.5782261400205
157.3,18.7510067428633
157.4,18.925281665715
157.5,19.1010594308999
157.6,19.278348431954
157.7,19.4571569241066
157.8,19.6374930143156
157.9,19.8193646508355
158,20.0027796122954
158.1,20.1877454962651
158.2,20.3742697072853
158.3,20.5623594443366
158.4,20.7520216877219
158.5,20.9432631853328
158.6,21.1360904382743
158.7,21.330509685814
158.8,21.5265268896272
158.9,21.7241477173032
159,21.9233775250774
159.1,22.1242213397552
159.2,22.326683839786
159.3,22.5307693354507
159.4,22.7364817481178
159.5,22.9438245885264
159.6,23.1528009340481
159.7,23.3634134048802
159.8,23.5756641391206
159.9,23.7895547666689
160,24.0050863818999
160.1,24.2222595150516
160.2,24.4410741022646
160.3,24.6615294542108
160.4,24.8836242232439
160.5,25.1073563690018
160.6,25.3327231223874
160.7,25.5597209478509
160.8,25.7883455038941
160.9,26.0185916017127
161,26.2504531618874
161.1,26.4839231690351
161.2,26.7189936243216
161.3,26.9556554957375
161.4,27.193898666033
161.5,27.4337118782014
161.6,27.6750826784003
161.7,27.9179973561898
161.8,28.1624408819667
161.9,28.4083968414648
162,28.6558473671901
162.1,28.9047730666511
162.2,29.1551529472417
162.3,29.4069643376261
162.4,29.6601828054744
162.5,29.9147820713865
162.6,30.1707339188407
162.7,30.4280080999971
162.8,30.6865722371802
162.9,30.9463917198601
163,31.2074295969479
163.1,31.4696464642149
163.2,31.7330003466431
163.3,31.9974465755074
163.4,32.2629376599911
163.5,32.5294231531294
163.6,32.796849511876
163.7,33.0651599510871
163.8,33.334294291215
163.9,33.6041887995074
164,33.8747760245079
164.1,34.1459846236604
164.2,34.4177391838229
164.3,34.6899600345063
164.4,34.9625630536629
164.5,35.235459465862
164.6,35.5085556327056
164.7,35.7817528353573
164.8,36.0549470490787
164.9,36.3280287096955
165,36.6008824719463
165.1,36.8733869597049
165.2,37.1454145081081
165.3,37.4168308976704
165.4,37.6874950805233
165.5,37.95725889898
165.6,38.2259667966971
165.7,38.4934555227902
165.8,38.7595538293469
165.9,39.0240821628872
166,39.286852350435
166.1,39.5476672809909
166.2,39.8063205833401
166.3,40.0625963012867
166.4,40.316268567575
166.5,40.5671012779549
166.6,40.8148477670511
166.7,41.059250487928
166.8,41.3000406974876
166.9,41.5369381501095
167,41.7696508022279
167.1,41.9978745308592
167.2,42.221292869424
167.3,42.4395767645664
167.4,42.652384358053
167.5,42.8593607982331
167.6,43.0601380859609
167.7,43.2543349603178
167.8,43.4415568299264
167.9,43.6213957561055
168,43.7934304945915
168.1,43.9572266030158
168.2,44.1123366217964
168.3,44.2583003365492
168.4,44.3946451305526
168.5,44.5208864361888
168.6,44.636528294631
168.7,44.7410640333215
168.8,44.8339770709933
168.9,44.9147418600855
169,44.9828249763921
169.1,45.0376863656291
169.2,45.0787807562874
169.3,45.1055592476356
169.4,45.1174710810178
169.5,45.1139656016365
169.6,45.0944944167898
169.7,45.058513755022
169.8,45.0054870288291
169.9,44.9348876014081
170,44.846201755447
170.1,44.738931859105
170.2,44.6125997211277
170.3,44.4667501234989
170.4,44.3009545161468
170.5,44.1148148540528
170.6,43.9079675526802
170.7,43.680087533016
170.8,43.4308923227823
170.9,43.1601461756005
171,42.8676641652115
171.1,42.553316207371
171.2,42.2170309579104
171.3,41.858799531811
171.4,41.4786789851587
171.5,41.0767954996789
171.6,40.6533472083627
171.7,40.2086066006399
171.8,39.7429224467669
171.9,39.256721183696
172,38.750507708764
172.1,38.2248655331264
172.2,37.6804562539727
172.3,37.1180183131496
172.4,36.5383650197723
172.5,35.9423818255882
172.6,35.331022854029
172.7,34.7053066968119
172.8,34.0663115052843
172.9,33.4151694171316
173,32.7530603721805
173.1,32.0812053834668
173.2,31.4008593410995
173.3,30.7133034363844
173.4,30.0198373018476
173.5,29.3217709689341
173.6,28.6204167490545
173.7,27.9170811451593
173.8,27.2130569000967
173.9,26.5096152846728
174,25.8079987227063
174.1,25.1094138426329
174.2,24.4150250356446
174.3,23.7259485892449
174.4,23.0432474528369
174.5,22.3679266789171
174.6,21.7009295700154
174.7,21.043134548097
174.8,20.3953527500838
174.9,19.7583263407899
175,19.1327275231913
175.1,18.5191582157846
175.2,17.9181503580112
175.3,17.330166797445
175.4,16.7556027067216
175.5,16.1947874740205
175.6,15.6479870082597
175.7,15.1154063989347
175.8,14.5971928706033
175.9,14.093438973258
176,13.6041859520474
176.1,13.1294272428705
176.2,12.6691120440729
176.3,12.2231489186727
176.4,11.7914093860676
176.5,11.3737314668891
176.6,10.9699231494322
176.7,10.5797657508029
176.8,10.203017150489
176.9,9.83941487839555
177,9.48867904344988
177.1,9.15051509261213
177.2,8.824616393516
177.3,8.51066663698627
177.4,8.20834205833571
177.5,7.91731347863942
177.6,7.63724816913234
177.7,7.36781154349535
177.8,7.10866868410883
177.9,6.85948570938629
178,6.61993099008157
178.1,6.3896762230184
178.2,6.16839737104889
178.3,5.9557754782341
178.4,5.75149736928038
178.5,5.55525624218308
178.6,5.36675216284706
178.7,5.18569247018946
178.8,5.01179209990331
178.9,4.84477383468565
179,4.6843684883243
179.1,4.53031503060582
179.2,4.38236065956242
179.3,4.24026082712679
179.4,4.10377922381736
179.5,3.97268772763844
179.6,3.84676632195383
179.7,3.72580298668317
179.8,3.60959356677857
179.9,3.49794162156895
180,3.39065825820929
180.1,3.28756195214546
180.2,3.18847835719974
180.3,3.09324010759947
180.4,3.00168661400993
180.5,2.91366385539257
180.6,2.82902416828938
180.7,2.74762603493359
180.8,2.66933387140438
180.9,2.59401781687778
181,2.52155352487648
181.1,2.45182195728702
181.2,2.38470918179202
181.3,2.32010617325741
181.4,2.25790861951829
181.5,2.19801673192221
181.6,2.14033506091243
181.7,2.08477231686788
181.8,2.03124119635764
181.9,1.9796582139168
182,1.92994353940626
182.1,1.88202084098017
182.2,1.83581713365217
182.3,1.79126263342247
182.4,1.74829061690452
182.5,1.7068372863693
182.6,1.66684164010846
182.7,1.6282453480038
182.8,1.59099263217931
182.9,1.55503015260286
183,1.52030689749818
183.1,1.48677407842211
183.2,1.45438502985926
183.3,1.4230951131832
183.4,1.39286162483301
183.5,1.36364370855344
183.6,1.33540227154795
183.7,1.30809990439537
183.8,1.28170080458304
183.9,1.25617070351174
184,1.23147679683103
184.1,1.20758767796667
184.2,1.18447327470565
184.3,1.16210478870781
184.4,1.14045463781761
184.5,1.11949640105284
184.6,1.09920476615205
184.7,1.07955547956604
184.8,1.06052529878307
184.9,1.04209194688187
185,1.02423406921025
185.1,1.00693119209131
185.2,0.990163683463455
185.3,0.973912715363845
185.4,0.958160228169216
185.5,0.942888896511286
185.6,0.928082096787839
185.7,0.913723876193927
185.8,0.899798923201028
185.9,0.886292539415263
186,0.873190612748898
186.1,0.860479591842392
186.2,0.848146461677143
186.3,0.83617872032189
186.4,0.824564356758396
186.5,0.813291829734609
186.6,0.802350047595962
186.7,0.791728349047824
186.8,0.781416484804358
186.9,0.771404600081214
187,0.761683217891521
187.1,0.752243223106608
187.2,0.743075847244771
187.3,0.734172653953174
187.4,0.725525525149674
187.5,0.717126647792989
187.6,0.708968501251182
187.7,0.701043845239874
187.8,0.693345708303045
187.9,0.685867376810563
188,0.678602384447906
188.1,0.671544502174699
188.2,0.66468772862986
188.3,0.658026280962249
188.4,0.651554586066717
188.5,0.645267272206483
188.6,0.639159161003663
188.7,0.633225259780694
188.8,0.627460754236229
188.9,0.621861001439884
189,0.616421523130996
189.1,0.611137999307246
189.2,0.60600626208973
189.3,0.601022289851684
189.4,0.596182201598707
189.5,0.591482251588916
189.6,0.586918824182024
189.7,0.58248842890687
189.8,0.578187695737428
189.9,0.57401337056782
190,0.569962310877297
190.1,0.566031481576596
190.2,0.562217951027496
190.3,0.55851888722778
190.4,0.55493155415418
190.5,0.551453308256265
190.6,0.548081595094512
190.7,0.544813946116184
190.8,0.541647975562895
190.9,0.538581377504047
191,0.535611922990608
191.1,0.532737457323938
191.2,0.52995589743465
191.3,0.527265229366687
191.4,0.524663505862055
191.5,0.522148844041858
191.6,0.519719423179464
191.7,0.517373482561846
191.8,0.515109319435318
191.9,0.512925287032052
192,0.510819792673945
192.1,0.508791295950541
192.2,0.506838306967887
192.3,0.504959384665318
192.4,0.50315313519733
192.5,0.501418210377811
192.6,0.499753306184021
192.7,0.498157161317852
192.8,0.49662855582197
192.9,0.495166309748605
193,0.49376928187879
193.1,0.492436368490008
193.2,0.491166502170245
193.3,0.489958650676582
193.4,0.488811815836504
193.5,0.487725032490204
193.6,0.486697367472233
193.7,0.485727918630917
193.8,0.484815813884024
193.9,0.483960210309249
194,0.483160293268126
194.1,0.482415275562045
194.2,0.481724396619119
194.3,0.481086921710676
194.4,0.480502141196226
194.5,0.479969369795799
194.6,0.479487945888572
194.7,0.479057230836799
194.8,0.478676608334032
194.9,0.478345483776737
195,0.478063283658386
195.1,0.477829454985179
195.2,0.477643464712576
195.3,0.477504799201849
195.4,0.477412963695899
195.5,0.47736748181363
195.6,0.477367895062162
195.7,0.47741376236624
195.8,0.4775046596142
195.9,0.477640179219869
196,0.477819929699822
196.1,0.478043535265439
196.2,0.478310635429206
196.3,0.478620884624766
196.4,0.478973951840198
196.5,0.479369520264069
196.6,0.479807286943784
196.7,0.480286962455813
196.8,0.480808270587354
196.9,0.481370948029038
197,0.481974744078292
197.1,0.482619420352967
197.2,0.483304750514896
197.3,0.484030520003017
197.4,0.484796525775743
197.5,0.485602576062251
197.6,0.486448490122394
197.7,0.487334098014931
197.8,0.488259240373799
197.9,0.489223768192153
198,0.490227542613912
198.1,0.491270434732565
198.2,0.492352325396979
198.3,0.493473105024002
198.4,0.494632673417613
198.5,0.495830939594415
198.6,0.497067821615265
198.7,0.498343246422839
198.8,0.499657149684938
198.9,0.501009475643352
199,0.502400176968107
199.1,0.503829214616924
199.2,0.505296557699715
199.3,0.506802183347972
199.4,0.508346076588888
199.5,0.509928230224066
199.6,0.511548644712666
199.7,0.513207328058869
199.8,0.514904295703514
199.9,0.516639570419784
